[2026-05-02T18:38:20.872Z] LIST: "/"
[2026-05-02T18:38:24.228Z] LIST: "/docs"
[2026-05-02T18:38:24.229Z] ABSOLUTE: "C:\Users\tberg\.openclaw\workspace\docs"
[2026-05-02T18:38:24.229Z] LIST ERR: ReferenceError: items is not defined
[2026-05-02T18:38:29.483Z] LIST: "/"
[2026-05-02T18:38:31.772Z] LIST: "/memory"
[2026-05-02T18:38:31.772Z] ABSOLUTE: "C:\Users\tberg\.openclaw\workspace\memory"
[2026-05-02T18:38:31.773Z] FOUND: 69 items
[2026-05-02T18:38:31.773Z] ITEM: ".dreams" | isFolder: true | path: "memory/.dreams"
[2026-05-02T18:38:31.774Z] ITEM: "2026-03-07.md" | isFolder: false | path: "memory/2026-03-07.md"
[2026-05-02T18:38:31.774Z] ITEM: "2026-03-08.md" | isFolder: false | path: "memory/2026-03-08.md"
[2026-05-02T18:38:31.775Z] ITEM: "2026-03-09.md" | isFolder: false | path: "memory/2026-03-09.md"
[2026-05-02T18:38:31.775Z] ITEM: "2026-03-10.md" | isFolder: false | path: "memory/2026-03-10.md"
[2026-05-02T18:38:31.776Z] ITEM: "2026-03-11.md" | isFolder: false | path: "memory/2026-03-11.md"
[2026-05-02T18:38:31.776Z] ITEM: "2026-03-12.md" | isFolder: false | path: "memory/2026-03-12.md"
[2026-05-02T18:38:31.777Z] ITEM: "2026-03-13.md" | isFolder: false | path: "memory/2026-03-13.md"
[2026-05-02T18:38:31.777Z] ITEM: "2026-03-14.md" | isFolder: false | path: "memory/2026-03-14.md"
[2026-05-02T18:38:31.778Z] ITEM: "2026-03-15.md" | isFolder: false | path: "memory/2026-03-15.md"
[2026-05-02T18:38:31.778Z] ITEM: "2026-03-16.md" | isFolder: false | path: "memory/2026-03-16.md"
[2026-05-02T18:38:31.778Z] ITEM: "2026-03-17.md" | isFolder: false | path: "memory/2026-03-17.md"
[2026-05-02T18:38:31.779Z] ITEM: "2026-03-18.md" | isFolder: false | path: "memory/2026-03-18.md"
[2026-05-02T18:38:31.779Z] ITEM: "2026-03-19.md" | isFolder: false | path: "memory/2026-03-19.md"
[2026-05-02T18:38:31.780Z] ITEM: "2026-03-20.md" | isFolder: false | path: "memory/2026-03-20.md"
[2026-05-02T18:38:31.780Z] ITEM: "2026-03-21.md" | isFolder: false | path: "memory/2026-03-21.md"
[2026-05-02T18:38:31.780Z] ITEM: "2026-03-22.md" | isFolder: false | path: "memory/2026-03-22.md"
[2026-05-02T18:38:31.781Z] ITEM: "2026-03-23.md" | isFolder: false | path: "memory/2026-03-23.md"
[2026-05-02T18:38:31.781Z] ITEM: "2026-03-24.md" | isFolder: false | path: "memory/2026-03-24.md"
[2026-05-02T18:38:31.782Z] ITEM: "2026-03-25.md" | isFolder: false | path: "memory/2026-03-25.md"
[2026-05-02T18:38:31.782Z] ITEM: "2026-03-26.md" | isFolder: false | path: "memory/2026-03-26.md"
[2026-05-02T18:38:31.783Z] ITEM: "2026-03-27.md" | isFolder: false | path: "memory/2026-03-27.md"
[2026-05-02T18:38:31.783Z] ITEM: "2026-03-28.md" | isFolder: false | path: "memory/2026-03-28.md"
[2026-05-02T18:38:31.783Z] ITEM: "2026-03-29.md" | isFolder: false | path: "memory/2026-03-29.md"
[2026-05-02T18:38:31.784Z] ITEM: "2026-03-30.md" | isFolder: false | path: "memory/2026-03-30.md"
[2026-05-02T18:38:31.784Z] ITEM: "2026-03-31.md" | isFolder: false | path: "memory/2026-03-31.md"
[2026-05-02T18:38:31.785Z] ITEM: "2026-04-01.md" | isFolder: false | path: "memory/2026-04-01.md"
[2026-05-02T18:38:31.785Z] ITEM: "2026-04-02.md" | isFolder: false | path: "memory/2026-04-02.md"
[2026-05-02T18:38:31.785Z] ITEM: "2026-04-03-dashboard-error.md" | isFolder: false | path: "memory/2026-04-03-dashboard-error.md"
[2026-05-02T18:38:31.786Z] ITEM: "2026-04-03.md" | isFolder: false | path: "memory/2026-04-03.md"
[2026-05-02T18:38:31.786Z] ITEM: "2026-04-04-build-error.md" | isFolder: false | path: "memory/2026-04-04-build-error.md"
[2026-05-02T18:38:31.786Z] ITEM: "2026-04-04.md" | isFolder: false | path: "memory/2026-04-04.md"
[2026-05-02T18:38:31.787Z] ITEM: "2026-04-05.md" | isFolder: false | path: "memory/2026-04-05.md"
[2026-05-02T18:38:31.787Z] ITEM: "2026-04-06.md" | isFolder: false | path: "memory/2026-04-06.md"
[2026-05-02T18:38:31.788Z] ITEM: "2026-04-07.md" | isFolder: false | path: "memory/2026-04-07.md"
[2026-05-02T18:38:31.788Z] ITEM: "2026-04-08.md" | isFolder: false | path: "memory/2026-04-08.md"
[2026-05-02T18:38:31.788Z] ITEM: "2026-04-09.md" | isFolder: false | path: "memory/2026-04-09.md"
[2026-05-02T18:38:31.789Z] ITEM: "2026-04-10-new-haven-exhibition.md" | isFolder: false | path: "memory/2026-04-10-new-haven-exhibition.md"
[2026-05-02T18:38:31.789Z] ITEM: "2026-04-10.md" | isFolder: false | path: "memory/2026-04-10.md"
[2026-05-02T18:38:31.790Z] ITEM: "2026-04-11.md" | isFolder: false | path: "memory/2026-04-11.md"
[2026-05-02T18:38:31.790Z] ITEM: "2026-04-12.md" | isFolder: false | path: "memory/2026-04-12.md"
[2026-05-02T18:38:31.791Z] ITEM: "2026-04-13.md" | isFolder: false | path: "memory/2026-04-13.md"
[2026-05-02T18:38:31.791Z] ITEM: "2026-04-14.md" | isFolder: false | path: "memory/2026-04-14.md"
[2026-05-02T18:38:31.791Z] ITEM: "2026-04-15.md" | isFolder: false | path: "memory/2026-04-15.md"
[2026-05-02T18:38:31.792Z] ITEM: "2026-04-16.md" | isFolder: false | path: "memory/2026-04-16.md"
[2026-05-02T18:38:31.792Z] ITEM: "2026-04-17-1356.md" | isFolder: false | path: "memory/2026-04-17-1356.md"
[2026-05-02T18:38:31.793Z] ITEM: "2026-04-17-2329.md" | isFolder: false | path: "memory/2026-04-17-2329.md"
[2026-05-02T18:38:31.793Z] ITEM: "2026-04-17.md" | isFolder: false | path: "memory/2026-04-17.md"
[2026-05-02T18:38:31.794Z] ITEM: "2026-04-18.md" | isFolder: false | path: "memory/2026-04-18.md"
[2026-05-02T18:38:31.794Z] ITEM: "2026-04-19.md" | isFolder: false | path: "memory/2026-04-19.md"
[2026-05-02T18:38:31.794Z] ITEM: "2026-04-20.md" | isFolder: false | path: "memory/2026-04-20.md"
[2026-05-02T18:38:31.795Z] ITEM: "2026-04-21.md" | isFolder: false | path: "memory/2026-04-21.md"
[2026-05-02T18:38:31.795Z] ITEM: "2026-04-22.md" | isFolder: false | path: "memory/2026-04-22.md"
[2026-05-02T18:38:31.796Z] ITEM: "2026-04-23.md" | isFolder: false | path: "memory/2026-04-23.md"
[2026-05-02T18:38:31.796Z] ITEM: "2026-04-24.md" | isFolder: false | path: "memory/2026-04-24.md"
[2026-05-02T18:38:31.796Z] ITEM: "2026-04-25.md" | isFolder: false | path: "memory/2026-04-25.md"
[2026-05-02T18:38:31.797Z] ITEM: "2026-04-26.md" | isFolder: false | path: "memory/2026-04-26.md"
[2026-05-02T18:38:31.797Z] ITEM: "2026-04-27.md" | isFolder: false | path: "memory/2026-04-27.md"
[2026-05-02T18:38:31.798Z] ITEM: "2026-04-28.md" | isFolder: false | path: "memory/2026-04-28.md"
[2026-05-02T18:38:31.798Z] ITEM: "2026-04-29.md" | isFolder: false | path: "memory/2026-04-29.md"
[2026-05-02T18:38:31.798Z] ITEM: "2026-04-30.md" | isFolder: false | path: "memory/2026-04-30.md"
[2026-05-02T18:38:31.799Z] ITEM: "2026-05-01.md" | isFolder: false | path: "memory/2026-05-01.md"
[2026-05-02T18:38:31.799Z] ITEM: "2026-05-02.md" | isFolder: false | path: "memory/2026-05-02.md"
[2026-05-02T18:38:31.800Z] ITEM: "heartbeat-state.json" | isFolder: false | path: "memory/heartbeat-state.json"
[2026-05-02T18:38:31.800Z] ITEM: "morning_kickoff_report_2026-04-24.md" | isFolder: false | path: "memory/morning_kickoff_report_2026-04-24.md"
[2026-05-02T18:38:31.800Z] ITEM: "morning_kickoff_report_2026-04-28.md" | isFolder: false | path: "memory/morning_kickoff_report_2026-04-28.md"
[2026-05-02T18:38:31.801Z] ITEM: "morning_kickoff_report_2026-04-29.md" | isFolder: false | path: "memory/morning_kickoff_report_2026-04-29.md"
[2026-05-02T18:38:31.801Z] ITEM: "morning_kickoff_report_2026-04-30.md" | isFolder: false | path: "memory/morning_kickoff_report_2026-04-30.md"
[2026-05-02T18:38:31.802Z] ITEM: "morning_kickoff_report_2026-05-02.md" | isFolder: false | path: "memory/morning_kickoff_report_2026-05-02.md"
[2026-05-02T18:38:33.753Z] LIST: "/"
[2026-05-02T18:38:35.483Z] READ: "MEMORY.md"
[2026-05-02T18:38:35.484Z] ABSOLUTE: "C:\Users\tberg\.openclaw\workspace\MEMORY.md"
[2026-05-02T18:38:35.484Z] READ OK: 2499 bytes
[2026-05-02T18:38:41.228Z] LIST: "/docs"
[2026-05-02T18:38:41.229Z] ABSOLUTE: "C:\Users\tberg\.openclaw\workspace\docs"
[2026-05-02T18:38:41.229Z] FOUND: 8 items
[2026-05-02T18:38:41.230Z] ITEM: "concepts" | isFolder: true | path: "docs/concepts"
[2026-05-02T18:38:41.230Z] ITEM: "lessons" | isFolder: true | path: "docs/lessons"
[2026-05-02T18:38:41.230Z] ITEM: "Nightly-Log.md" | isFolder: false | path: "docs/Nightly-Log.md"
[2026-05-02T18:38:41.231Z] ITEM: "notes" | isFolder: true | path: "docs/notes"
[2026-05-02T18:38:41.231Z] ITEM: "openclaw" | isFolder: true | path: "docs/openclaw"
[2026-05-02T18:38:41.232Z] ITEM: "projects" | isFolder: true | path: "docs/projects"
[2026-05-02T18:38:41.232Z] ITEM: "topics" | isFolder: true | path: "docs/topics"
[2026-05-02T18:38:41.232Z] ITEM: "Wiki-Guide.md" | isFolder: false | path: "docs/Wiki-Guide.md"
[2026-05-02T18:38:44.720Z] LIST: "/docs/projects"
[2026-05-02T18:38:44.721Z] ABSOLUTE: "C:\Users\tberg\.openclaw\workspace\docs\projects"
[2026-05-02T18:38:44.721Z] FOUND: 16 items
[2026-05-02T18:38:44.722Z] ITEM: "art-portfolio" | isFolder: true | path: "docs/projects/art-portfolio"
[2026-05-02T18:38:44.722Z] ITEM: "ArtSubmissions" | isFolder: true | path: "docs/projects/ArtSubmissions"
[2026-05-02T18:38:44.723Z] ITEM: "ArtTracker" | isFolder: true | path: "docs/projects/ArtTracker"
[2026-05-02T18:38:44.723Z] ITEM: "Chronicles" | isFolder: true | path: "docs/projects/Chronicles"
[2026-05-02T18:38:44.724Z] ITEM: "CollectorCRM" | isFolder: true | path: "docs/projects/CollectorCRM"
[2026-05-02T18:38:44.724Z] ITEM: "CompositionPro" | isFolder: true | path: "docs/projects/CompositionPro"
[2026-05-02T18:38:44.724Z] ITEM: "MissionControl" | isFolder: true | path: "docs/projects/MissionControl"
[2026-05-02T18:38:44.725Z] ITEM: "OpenClaw" | isFolder: true | path: "docs/projects/OpenClaw"
[2026-05-02T18:38:44.725Z] ITEM: "PaletteExtractor" | isFolder: true | path: "docs/projects/PaletteExtractor"
[2026-05-02T18:38:44.726Z] ITEM: "PalettePickerPro" | isFolder: true | path: "docs/projects/PalettePickerPro"
[2026-05-02T18:38:44.726Z] ITEM: "PictureHangerPro" | isFolder: true | path: "docs/projects/PictureHangerPro"
[2026-05-02T18:38:44.727Z] ITEM: "PictureHangerPro3" | isFolder: true | path: "docs/projects/PictureHangerPro3"
[2026-05-02T18:38:44.727Z] ITEM: "second-brain" | isFolder: true | path: "docs/projects/second-brain"
[2026-05-02T18:38:44.728Z] ITEM: "Thomas-Arenberg" | isFolder: true | path: "docs/projects/Thomas-Arenberg"
[2026-05-02T18:38:44.728Z] ITEM: "TomArenbergWebsite" | isFolder: true | path: "docs/projects/TomArenbergWebsite"
[2026-05-02T18:38:44.729Z] ITEM: "VoiceChat" | isFolder: true | path: "docs/projects/VoiceChat"
[2026-05-02T18:38:48.582Z] LIST: "/docs/projects/CompositionPro"
[2026-05-02T18:38:48.583Z] ABSOLUTE: "C:\Users\tberg\.openclaw\workspace\docs\projects\CompositionPro"
[2026-05-02T18:38:48.583Z] FOUND: 0 items
[2026-05-02T18:38:51.675Z] LIST: "/docs/projects"
[2026-05-02T18:38:51.676Z] ABSOLUTE: "C:\Users\tberg\.openclaw\workspace\docs\projects"
[2026-05-02T18:38:51.676Z] FOUND: 16 items
[2026-05-02T18:38:51.677Z] ITEM: "art-portfolio" | isFolder: true | path: "docs/projects/art-portfolio"
[2026-05-02T18:38:51.677Z] ITEM: "ArtSubmissions" | isFolder: true | path: "docs/projects/ArtSubmissions"
[2026-05-02T18:38:51.678Z] ITEM: "ArtTracker" | isFolder: true | path: "docs/projects/ArtTracker"
[2026-05-02T18:38:51.678Z] ITEM: "Chronicles" | isFolder: true | path: "docs/projects/Chronicles"
[2026-05-02T18:38:51.679Z] ITEM: "CollectorCRM" | isFolder: true | path: "docs/projects/CollectorCRM"
[2026-05-02T18:38:51.679Z] ITEM: "CompositionPro" | isFolder: true | path: "docs/projects/CompositionPro"
[2026-05-02T18:38:51.680Z] ITEM: "MissionControl" | isFolder: true | path: "docs/projects/MissionControl"
[2026-05-02T18:38:51.680Z] ITEM: "OpenClaw" | isFolder: true | path: "docs/projects/OpenClaw"
[2026-05-02T18:38:51.681Z] ITEM: "PaletteExtractor" | isFolder: true | path: "docs/projects/PaletteExtractor"
[2026-05-02T18:38:51.682Z] ITEM: "PalettePickerPro" | isFolder: true | path: "docs/projects/PalettePickerPro"
[2026-05-02T18:38:51.682Z] ITEM: "PictureHangerPro" | isFolder: true | path: "docs/projects/PictureHangerPro"
[2026-05-02T18:38:51.683Z] ITEM: "PictureHangerPro3" | isFolder: true | path: "docs/projects/PictureHangerPro3"
[2026-05-02T18:38:51.684Z] ITEM: "second-brain" | isFolder: true | path: "docs/projects/second-brain"
[2026-05-02T18:38:51.685Z] ITEM: "Thomas-Arenberg" | isFolder: true | path: "docs/projects/Thomas-Arenberg"
[2026-05-02T18:38:51.685Z] ITEM: "TomArenbergWebsite" | isFolder: true | path: "docs/projects/TomArenbergWebsite"
[2026-05-02T18:38:51.686Z] ITEM: "VoiceChat" | isFolder: true | path: "docs/projects/VoiceChat"
[2026-05-02T18:39:01.244Z] LIST: "/"
[2026-05-02T18:39:09.403Z] LIST: "/docs"
[2026-05-02T18:39:09.404Z] ABSOLUTE: "C:\Users\tberg\.openclaw\workspace\docs"
[2026-05-02T18:39:09.404Z] FOUND: 8 items
[2026-05-02T18:39:09.405Z] ITEM: "concepts" | isFolder: true | path: "docs/concepts"
[2026-05-02T18:39:09.405Z] ITEM: "lessons" | isFolder: true | path: "docs/lessons"
[2026-05-02T18:39:09.406Z] ITEM: "Nightly-Log.md" | isFolder: false | path: "docs/Nightly-Log.md"
[2026-05-02T18:39:09.406Z] ITEM: "notes" | isFolder: true | path: "docs/notes"
[2026-05-02T18:39:09.407Z] ITEM: "openclaw" | isFolder: true | path: "docs/openclaw"
[2026-05-02T18:39:09.407Z] ITEM: "projects" | isFolder: true | path: "docs/projects"
[2026-05-02T18:39:09.408Z] ITEM: "topics" | isFolder: true | path: "docs/topics"
[2026-05-02T18:39:09.408Z] ITEM: "Wiki-Guide.md" | isFolder: false | path: "docs/Wiki-Guide.md"
[2026-05-02T18:39:11.774Z] LIST: "/docs/projects"
[2026-05-02T18:39:11.774Z] ABSOLUTE: "C:\Users\tberg\.openclaw\workspace\docs\projects"
[2026-05-02T18:39:11.775Z] FOUND: 16 items
[2026-05-02T18:39:11.776Z] ITEM: "art-portfolio" | isFolder: true | path: "docs/projects/art-portfolio"
[2026-05-02T18:39:11.776Z] ITEM: "ArtSubmissions" | isFolder: true | path: "docs/projects/ArtSubmissions"
[2026-05-02T18:39:11.776Z] ITEM: "ArtTracker" | isFolder: true | path: "docs/projects/ArtTracker"
[2026-05-02T18:39:11.777Z] ITEM: "Chronicles" | isFolder: true | path: "docs/projects/Chronicles"
[2026-05-02T18:39:11.777Z] ITEM: "CollectorCRM" | isFolder: true | path: "docs/projects/CollectorCRM"
[2026-05-02T18:39:11.778Z] ITEM: "CompositionPro" | isFolder: true | path: "docs/projects/CompositionPro"
[2026-05-02T18:39:11.778Z] ITEM: "MissionControl" | isFolder: true | path: "docs/projects/MissionControl"
[2026-05-02T18:39:11.779Z] ITEM: "OpenClaw" | isFolder: true | path: "docs/projects/OpenClaw"
[2026-05-02T18:39:11.779Z] ITEM: "PaletteExtractor" | isFolder: true | path: "docs/projects/PaletteExtractor"
[2026-05-02T18:39:11.780Z] ITEM: "PalettePickerPro" | isFolder: true | path: "docs/projects/PalettePickerPro"
[2026-05-02T18:39:11.780Z] ITEM: "PictureHangerPro" | isFolder: true | path: "docs/projects/PictureHangerPro"
[2026-05-02T18:39:11.781Z] ITEM: "PictureHangerPro3" | isFolder: true | path: "docs/projects/PictureHangerPro3"
[2026-05-02T18:39:11.781Z] ITEM: "second-brain" | isFolder: true | path: "docs/projects/second-brain"
[2026-05-02T18:39:11.782Z] ITEM: "Thomas-Arenberg" | isFolder: true | path: "docs/projects/Thomas-Arenberg"
[2026-05-02T18:39:11.782Z] ITEM: "TomArenbergWebsite" | isFolder: true | path: "docs/projects/TomArenbergWebsite"
[2026-05-02T18:39:11.782Z] ITEM: "VoiceChat" | isFolder: true | path: "docs/projects/VoiceChat"
[2026-05-02T18:39:15.615Z] LIST: "/docs/projects/CompositionPro"
[2026-05-02T18:39:15.616Z] ABSOLUTE: "C:\Users\tberg\.openclaw\workspace\docs\projects\CompositionPro"
[2026-05-02T18:39:15.616Z] FOUND: 0 items
[2026-05-02T18:39:18.484Z] LIST: "/docs/projects"
[2026-05-02T18:39:18.485Z] ABSOLUTE: "C:\Users\tberg\.openclaw\workspace\docs\projects"
[2026-05-02T18:39:18.485Z] FOUND: 16 items
[2026-05-02T18:39:18.486Z] ITEM: "art-portfolio" | isFolder: true | path: "docs/projects/art-portfolio"
[2026-05-02T18:39:18.486Z] ITEM: "ArtSubmissions" | isFolder: true | path: "docs/projects/ArtSubmissions"
[2026-05-02T18:39:18.487Z] ITEM: "ArtTracker" | isFolder: true | path: "docs/projects/ArtTracker"
[2026-05-02T18:39:18.487Z] ITEM: "Chronicles" | isFolder: true | path: "docs/projects/Chronicles"
[2026-05-02T18:39:18.487Z] ITEM: "CollectorCRM" | isFolder: true | path: "docs/projects/CollectorCRM"
[2026-05-02T18:39:18.488Z] ITEM: "CompositionPro" | isFolder: true | path: "docs/projects/CompositionPro"
[2026-05-02T18:39:18.488Z] ITEM: "MissionControl" | isFolder: true | path: "docs/projects/MissionControl"
[2026-05-02T18:39:18.489Z] ITEM: "OpenClaw" | isFolder: true | path: "docs/projects/OpenClaw"
[2026-05-02T18:39:18.489Z] ITEM: "PaletteExtractor" | isFolder: true | path: "docs/projects/PaletteExtractor"
[2026-05-02T18:39:18.490Z] ITEM: "PalettePickerPro" | isFolder: true | path: "docs/projects/PalettePickerPro"
[2026-05-02T18:39:18.490Z] ITEM: "PictureHangerPro" | isFolder: true | path: "docs/projects/PictureHangerPro"
[2026-05-02T18:39:18.491Z] ITEM: "PictureHangerPro3" | isFolder: true | path: "docs/projects/PictureHangerPro3"
[2026-05-02T18:39:18.491Z] ITEM: "second-brain" | isFolder: true | path: "docs/projects/second-brain"
[2026-05-02T18:39:18.492Z] ITEM: "Thomas-Arenberg" | isFolder: true | path: "docs/projects/Thomas-Arenberg"
[2026-05-02T18:39:18.492Z] ITEM: "TomArenbergWebsite" | isFolder: true | path: "docs/projects/TomArenbergWebsite"
[2026-05-02T18:39:18.492Z] ITEM: "VoiceChat" | isFolder: true | path: "docs/projects/VoiceChat"
[2026-05-02T18:39:21.426Z] LIST: "/docs/projects/CollectorCRM"
[2026-05-02T18:39:21.426Z] ABSOLUTE: "C:\Users\tberg\.openclaw\workspace\docs\projects\CollectorCRM"
[2026-05-02T18:39:21.427Z] FOUND: 1 items
[2026-05-02T18:39:21.428Z] ITEM: "README.md" | isFolder: false | path: "docs/projects/CollectorCRM/README.md"
[2026-05-02T18:39:23.332Z] READ: "docs/projects/CollectorCRM/README.md"
[2026-05-02T18:39:23.333Z] ABSOLUTE: "C:\Users\tberg\.openclaw\workspace\docs\projects\CollectorCRM\README.md"
[2026-05-02T18:39:23.333Z] READ OK: 1091 bytes
[2026-05-02T18:39:28.279Z] LIST: "/docs/projects"
[2026-05-02T18:39:28.280Z] ABSOLUTE: "C:\Users\tberg\.openclaw\workspace\docs\projects"
[2026-05-02T18:39:28.280Z] FOUND: 16 items
[2026-05-02T18:39:28.281Z] ITEM: "art-portfolio" | isFolder: true | path: "docs/projects/art-portfolio"
[2026-05-02T18:39:28.281Z] ITEM: "ArtSubmissions" | isFolder: true | path: "docs/projects/ArtSubmissions"
[2026-05-02T18:39:28.282Z] ITEM: "ArtTracker" | isFolder: true | path: "docs/projects/ArtTracker"
[2026-05-02T18:39:28.282Z] ITEM: "Chronicles" | isFolder: true | path: "docs/projects/Chronicles"
[2026-05-02T18:39:28.282Z] ITEM: "CollectorCRM" | isFolder: true | path: "docs/projects/CollectorCRM"
[2026-05-02T18:39:28.283Z] ITEM: "CompositionPro" | isFolder: true | path: "docs/projects/CompositionPro"
[2026-05-02T18:39:28.283Z] ITEM: "MissionControl" | isFolder: true | path: "docs/projects/MissionControl"
[2026-05-02T18:39:28.284Z] ITEM: "OpenClaw" | isFolder: true | path: "docs/projects/OpenClaw"
[2026-05-02T18:39:28.284Z] ITEM: "PaletteExtractor" | isFolder: true | path: "docs/projects/PaletteExtractor"
[2026-05-02T18:39:28.284Z] ITEM: "PalettePickerPro" | isFolder: true | path: "docs/projects/PalettePickerPro"
[2026-05-02T18:39:28.285Z] ITEM: "PictureHangerPro" | isFolder: true | path: "docs/projects/PictureHangerPro"
[2026-05-02T18:39:28.286Z] ITEM: "PictureHangerPro3" | isFolder: true | path: "docs/projects/PictureHangerPro3"
[2026-05-02T18:39:28.286Z] ITEM: "second-brain" | isFolder: true | path: "docs/projects/second-brain"
[2026-05-02T18:39:28.287Z] ITEM: "Thomas-Arenberg" | isFolder: true | path: "docs/projects/Thomas-Arenberg"
[2026-05-02T18:39:28.287Z] ITEM: "TomArenbergWebsite" | isFolder: true | path: "docs/projects/TomArenbergWebsite"
[2026-05-02T18:39:28.287Z] ITEM: "VoiceChat" | isFolder: true | path: "docs/projects/VoiceChat"
[2026-05-02T18:39:33.399Z] LIST: "/docs/projects/PaletteExtractor"
[2026-05-02T18:39:33.400Z] ABSOLUTE: "C:\Users\tberg\.openclaw\workspace\docs\projects\PaletteExtractor"
[2026-05-02T18:39:33.400Z] FOUND: 1 items
[2026-05-02T18:39:33.401Z] ITEM: "README.md" | isFolder: false | path: "docs/projects/PaletteExtractor/README.md"
[2026-05-02T18:39:35.329Z] READ: "docs/projects/PaletteExtractor/README.md"
[2026-05-02T18:39:35.330Z] ABSOLUTE: "C:\Users\tberg\.openclaw\workspace\docs\projects\PaletteExtractor\README.md"
[2026-05-02T18:39:35.334Z] READ OK: 2555 bytes
[2026-05-02T18:39:39.266Z] LIST: "/docs/projects"
[2026-05-02T18:39:39.266Z] ABSOLUTE: "C:\Users\tberg\.openclaw\workspace\docs\projects"
[2026-05-02T18:39:39.267Z] FOUND: 16 items
[2026-05-02T18:39:39.267Z] ITEM: "art-portfolio" | isFolder: true | path: "docs/projects/art-portfolio"
[2026-05-02T18:39:39.268Z] ITEM: "ArtSubmissions" | isFolder: true | path: "docs/projects/ArtSubmissions"
[2026-05-02T18:39:39.268Z] ITEM: "ArtTracker" | isFolder: true | path: "docs/projects/ArtTracker"
[2026-05-02T18:39:39.268Z] ITEM: "Chronicles" | isFolder: true | path: "docs/projects/Chronicles"
[2026-05-02T18:39:39.269Z] ITEM: "CollectorCRM" | isFolder: true | path: "docs/projects/CollectorCRM"
[2026-05-02T18:39:39.269Z] ITEM: "CompositionPro" | isFolder: true | path: "docs/projects/CompositionPro"
[2026-05-02T18:39:39.270Z] ITEM: "MissionControl" | isFolder: true | path: "docs/projects/MissionControl"
[2026-05-02T18:39:39.270Z] ITEM: "OpenClaw" | isFolder: true | path: "docs/projects/OpenClaw"
[2026-05-02T18:39:39.271Z] ITEM: "PaletteExtractor" | isFolder: true | path: "docs/projects/PaletteExtractor"
[2026-05-02T18:39:39.271Z] ITEM: "PalettePickerPro" | isFolder: true | path: "docs/projects/PalettePickerPro"
[2026-05-02T18:39:39.272Z] ITEM: "PictureHangerPro" | isFolder: true | path: "docs/projects/PictureHangerPro"
[2026-05-02T18:39:39.272Z] ITEM: "PictureHangerPro3" | isFolder: true | path: "docs/projects/PictureHangerPro3"
[2026-05-02T18:39:39.272Z] ITEM: "second-brain" | isFolder: true | path: "docs/projects/second-brain"
[2026-05-02T18:39:39.273Z] ITEM: "Thomas-Arenberg" | isFolder: true | path: "docs/projects/Thomas-Arenberg"
[2026-05-02T18:39:39.273Z] ITEM: "TomArenbergWebsite" | isFolder: true | path: "docs/projects/TomArenbergWebsite"
[2026-05-02T18:39:39.274Z] ITEM: "VoiceChat" | isFolder: true | path: "docs/projects/VoiceChat"
[2026-05-02T18:39:42.025Z] LIST: "/docs/projects/PalettePickerPro"
[2026-05-02T18:39:42.025Z] ABSOLUTE: "C:\Users\tberg\.openclaw\workspace\docs\projects\PalettePickerPro"
[2026-05-02T18:39:42.026Z] FOUND: 1 items
[2026-05-02T18:39:42.026Z] ITEM: "README.md" | isFolder: false | path: "docs/projects/PalettePickerPro/README.md"
[2026-05-02T18:39:43.722Z] READ: "docs/projects/PalettePickerPro/README.md"
[2026-05-02T18:39:43.723Z] ABSOLUTE: "C:\Users\tberg\.openclaw\workspace\docs\projects\PalettePickerPro\README.md"
[2026-05-02T18:39:43.723Z] READ OK: 3216 bytes
[2026-05-02T18:39:47.776Z] LIST: "/docs/projects"
[2026-05-02T18:39:47.777Z] ABSOLUTE: "C:\Users\tberg\.openclaw\workspace\docs\projects"
[2026-05-02T18:39:47.777Z] FOUND: 16 items
[2026-05-02T18:39:47.778Z] ITEM: "art-portfolio" | isFolder: true | path: "docs/projects/art-portfolio"
[2026-05-02T18:39:47.778Z] ITEM: "ArtSubmissions" | isFolder: true | path: "docs/projects/ArtSubmissions"
[2026-05-02T18:39:47.779Z] ITEM: "ArtTracker" | isFolder: true | path: "docs/projects/ArtTracker"
[2026-05-02T18:39:47.779Z] ITEM: "Chronicles" | isFolder: true | path: "docs/projects/Chronicles"
[2026-05-02T18:39:47.780Z] ITEM: "CollectorCRM" | isFolder: true | path: "docs/projects/CollectorCRM"
[2026-05-02T18:39:47.780Z] ITEM: "CompositionPro" | isFolder: true | path: "docs/projects/CompositionPro"
[2026-05-02T18:39:47.780Z] ITEM: "MissionControl" | isFolder: true | path: "docs/projects/MissionControl"
[2026-05-02T18:39:47.781Z] ITEM: "OpenClaw" | isFolder: true | path: "docs/projects/OpenClaw"
[2026-05-02T18:39:47.781Z] ITEM: "PaletteExtractor" | isFolder: true | path: "docs/projects/PaletteExtractor"
[2026-05-02T18:39:47.782Z] ITEM: "PalettePickerPro" | isFolder: true | path: "docs/projects/PalettePickerPro"
[2026-05-02T18:39:47.783Z] ITEM: "PictureHangerPro" | isFolder: true | path: "docs/projects/PictureHangerPro"
[2026-05-02T18:39:47.783Z] ITEM: "PictureHangerPro3" | isFolder: true | path: "docs/projects/PictureHangerPro3"
[2026-05-02T18:39:47.783Z] ITEM: "second-brain" | isFolder: true | path: "docs/projects/second-brain"
[2026-05-02T18:39:47.784Z] ITEM: "Thomas-Arenberg" | isFolder: true | path: "docs/projects/Thomas-Arenberg"
[2026-05-02T18:39:47.784Z] ITEM: "TomArenbergWebsite" | isFolder: true | path: "docs/projects/TomArenbergWebsite"
[2026-05-02T18:39:47.785Z] ITEM: "VoiceChat" | isFolder: true | path: "docs/projects/VoiceChat"
[2026-05-02T18:39:52.672Z] LIST: "/docs/projects/PictureHangerPro3"
[2026-05-02T18:39:52.673Z] ABSOLUTE: "C:\Users\tberg\.openclaw\workspace\docs\projects\PictureHangerPro3"
[2026-05-02T18:39:52.675Z] FOUND: 0 items
[2026-05-02T18:39:55.150Z] LIST: "/docs/projects"
[2026-05-02T18:39:55.151Z] ABSOLUTE: "C:\Users\tberg\.openclaw\workspace\docs\projects"
[2026-05-02T18:39:55.151Z] FOUND: 16 items
[2026-05-02T18:39:55.152Z] ITEM: "art-portfolio" | isFolder: true | path: "docs/projects/art-portfolio"
[2026-05-02T18:39:55.152Z] ITEM: "ArtSubmissions" | isFolder: true | path: "docs/projects/ArtSubmissions"
[2026-05-02T18:39:55.153Z] ITEM: "ArtTracker" | isFolder: true | path: "docs/projects/ArtTracker"
[2026-05-02T18:39:55.153Z] ITEM: "Chronicles" | isFolder: true | path: "docs/projects/Chronicles"
[2026-05-02T18:39:55.154Z] ITEM: "CollectorCRM" | isFolder: true | path: "docs/projects/CollectorCRM"
[2026-05-02T18:39:55.154Z] ITEM: "CompositionPro" | isFolder: true | path: "docs/projects/CompositionPro"
[2026-05-02T18:39:55.154Z] ITEM: "MissionControl" | isFolder: true | path: "docs/projects/MissionControl"
[2026-05-02T18:39:55.155Z] ITEM: "OpenClaw" | isFolder: true | path: "docs/projects/OpenClaw"
[2026-05-02T18:39:55.155Z] ITEM: "PaletteExtractor" | isFolder: true | path: "docs/projects/PaletteExtractor"
[2026-05-02T18:39:55.156Z] ITEM: "PalettePickerPro" | isFolder: true | path: "docs/projects/PalettePickerPro"
[2026-05-02T18:39:55.156Z] ITEM: "PictureHangerPro" | isFolder: true | path: "docs/projects/PictureHangerPro"
[2026-05-02T18:39:55.157Z] ITEM: "PictureHangerPro3" | isFolder: true | path: "docs/projects/PictureHangerPro3"
[2026-05-02T18:39:55.157Z] ITEM: "second-brain" | isFolder: true | path: "docs/projects/second-brain"
[2026-05-02T18:39:55.157Z] ITEM: "Thomas-Arenberg" | isFolder: true | path: "docs/projects/Thomas-Arenberg"
[2026-05-02T18:39:55.158Z] ITEM: "TomArenbergWebsite" | isFolder: true | path: "docs/projects/TomArenbergWebsite"
[2026-05-02T18:39:55.158Z] ITEM: "VoiceChat" | isFolder: true | path: "docs/projects/VoiceChat"
[2026-05-02T18:39:59.617Z] LIST: "/docs/projects/second-brain"
[2026-05-02T18:39:59.618Z] ABSOLUTE: "C:\Users\tberg\.openclaw\workspace\docs\projects\second-brain"
[2026-05-02T18:39:59.618Z] FOUND: 5 items
[2026-05-02T18:39:59.619Z] ITEM: "2026-03-07-summary.md" | isFolder: false | path: "docs/projects/second-brain/2026-03-07-summary.md"
[2026-05-02T18:39:59.619Z] ITEM: "concepts" | isFolder: true | path: "docs/projects/second-brain/concepts"
[2026-05-02T18:39:59.620Z] ITEM: "journals" | isFolder: true | path: "docs/projects/second-brain/journals"
[2026-05-02T18:39:59.620Z] ITEM: "notes" | isFolder: true | path: "docs/projects/second-brain/notes"
[2026-05-02T18:39:59.620Z] ITEM: "projects" | isFolder: true | path: "docs/projects/second-brain/projects"
[2026-05-02T18:40:08.093Z] LIST: "/docs/projects/second-brain/projects"
[2026-05-02T18:40:08.094Z] ABSOLUTE: "C:\Users\tberg\.openclaw\workspace\docs\projects\second-brain\projects"
[2026-05-02T18:40:08.094Z] FOUND: 3 items
[2026-05-02T18:40:08.095Z] ITEM: "chronicles.md" | isFolder: false | path: "docs/projects/second-brain/projects/chronicles.md"
[2026-05-02T18:40:08.095Z] ITEM: "muffin-voice.md" | isFolder: false | path: "docs/projects/second-brain/projects/muffin-voice.md"
[2026-05-02T18:40:08.096Z] ITEM: "syncmessenger-roadmap.md" | isFolder: false | path: "docs/projects/second-brain/projects/syncmessenger-roadmap.md"
[2026-05-02T18:40:12.670Z] READ: "docs/projects/second-brain/projects/syncmessenger-roadmap.md"
[2026-05-02T18:40:12.671Z] ABSOLUTE: "C:\Users\tberg\.openclaw\workspace\docs\projects\second-brain\projects\syncmessenger-roadmap.md"
[2026-05-02T18:40:12.671Z] READ OK: 2982 bytes
[2026-05-02T18:40:19.600Z] READ: "docs/projects/second-brain/projects/syncmessenger-roadmap.md"
[2026-05-02T18:40:19.601Z] ABSOLUTE: "C:\Users\tberg\.openclaw\workspace\docs\projects\second-brain\projects\syncmessenger-roadmap.md"
[2026-05-02T18:40:19.601Z] READ OK: 2982 bytes
[2026-05-02T18:40:21.144Z] READ: "docs/projects/second-brain/projects/chronicles.md"
[2026-05-02T18:40:21.145Z] ABSOLUTE: "C:\Users\tberg\.openclaw\workspace\docs\projects\second-brain\projects\chronicles.md"
[2026-05-02T18:40:21.145Z] READ OK: 1587 bytes
[2026-05-02T18:40:26.891Z] LIST: "/docs/projects/second-brain"
[2026-05-02T18:40:26.891Z] ABSOLUTE: "C:\Users\tberg\.openclaw\workspace\docs\projects\second-brain"
[2026-05-02T18:40:26.892Z] FOUND: 5 items
[2026-05-02T18:40:26.892Z] ITEM: "2026-03-07-summary.md" | isFolder: false | path: "docs/projects/second-brain/2026-03-07-summary.md"
[2026-05-02T18:40:26.893Z] ITEM: "concepts" | isFolder: true | path: "docs/projects/second-brain/concepts"
[2026-05-02T18:40:26.893Z] ITEM: "journals" | isFolder: true | path: "docs/projects/second-brain/journals"
[2026-05-02T18:40:26.894Z] ITEM: "notes" | isFolder: true | path: "docs/projects/second-brain/notes"
[2026-05-02T18:40:26.894Z] ITEM: "projects" | isFolder: true | path: "docs/projects/second-brain/projects"
[2026-05-02T18:40:29.813Z] LIST: "/docs/projects/second-brain/journals"
[2026-05-02T18:40:29.813Z] ABSOLUTE: "C:\Users\tberg\.openclaw\workspace\docs\projects\second-brain\journals"
[2026-05-02T18:40:29.814Z] FOUND: 3 items
[2026-05-02T18:40:29.814Z] ITEM: "2026-02-13.md" | isFolder: false | path: "docs/projects/second-brain/journals/2026-02-13.md"
[2026-05-02T18:40:29.815Z] ITEM: "2026-02-14.md" | isFolder: false | path: "docs/projects/second-brain/journals/2026-02-14.md"
[2026-05-02T18:40:29.815Z] ITEM: "2026-02-24.md" | isFolder: false | path: "docs/projects/second-brain/journals/2026-02-24.md"
[2026-05-02T18:40:37.573Z] LIST: "/docs/projects/second-brain"
[2026-05-02T18:40:37.574Z] ABSOLUTE: "C:\Users\tberg\.openclaw\workspace\docs\projects\second-brain"
[2026-05-02T18:40:37.574Z] FOUND: 5 items
[2026-05-02T18:40:37.575Z] ITEM: "2026-03-07-summary.md" | isFolder: false | path: "docs/projects/second-brain/2026-03-07-summary.md"
[2026-05-02T18:40:37.575Z] ITEM: "concepts" | isFolder: true | path: "docs/projects/second-brain/concepts"
[2026-05-02T18:40:37.576Z] ITEM: "journals" | isFolder: true | path: "docs/projects/second-brain/journals"
[2026-05-02T18:40:37.576Z] ITEM: "notes" | isFolder: true | path: "docs/projects/second-brain/notes"
[2026-05-02T18:40:37.577Z] ITEM: "projects" | isFolder: true | path: "docs/projects/second-brain/projects"
[2026-05-02T18:40:46.237Z] LIST: "/docs/projects"
[2026-05-02T18:40:46.237Z] ABSOLUTE: "C:\Users\tberg\.openclaw\workspace\docs\projects"
[2026-05-02T18:40:46.238Z] FOUND: 16 items
[2026-05-02T18:40:46.238Z] ITEM: "art-portfolio" | isFolder: true | path: "docs/projects/art-portfolio"
[2026-05-02T18:40:46.238Z] ITEM: "ArtSubmissions" | isFolder: true | path: "docs/projects/ArtSubmissions"
[2026-05-02T18:40:46.239Z] ITEM: "ArtTracker" | isFolder: true | path: "docs/projects/ArtTracker"
[2026-05-02T18:40:46.239Z] ITEM: "Chronicles" | isFolder: true | path: "docs/projects/Chronicles"
[2026-05-02T18:40:46.240Z] ITEM: "CollectorCRM" | isFolder: true | path: "docs/projects/CollectorCRM"
[2026-05-02T18:40:46.240Z] ITEM: "CompositionPro" | isFolder: true | path: "docs/projects/CompositionPro"
[2026-05-02T18:40:46.241Z] ITEM: "MissionControl" | isFolder: true | path: "docs/projects/MissionControl"
[2026-05-02T18:40:46.241Z] ITEM: "OpenClaw" | isFolder: true | path: "docs/projects/OpenClaw"
[2026-05-02T18:40:46.242Z] ITEM: "PaletteExtractor" | isFolder: true | path: "docs/projects/PaletteExtractor"
[2026-05-02T18:40:46.242Z] ITEM: "PalettePickerPro" | isFolder: true | path: "docs/projects/PalettePickerPro"
[2026-05-02T18:40:46.243Z] ITEM: "PictureHangerPro" | isFolder: true | path: "docs/projects/PictureHangerPro"
[2026-05-02T18:40:46.243Z] ITEM: "PictureHangerPro3" | isFolder: true | path: "docs/projects/PictureHangerPro3"
[2026-05-02T18:40:46.243Z] ITEM: "second-brain" | isFolder: true | path: "docs/projects/second-brain"
[2026-05-02T18:40:46.244Z] ITEM: "Thomas-Arenberg" | isFolder: true | path: "docs/projects/Thomas-Arenberg"
[2026-05-02T18:40:46.244Z] ITEM: "TomArenbergWebsite" | isFolder: true | path: "docs/projects/TomArenbergWebsite"
[2026-05-02T18:40:46.245Z] ITEM: "VoiceChat" | isFolder: true | path: "docs/projects/VoiceChat"
[2026-05-02T18:40:49.100Z] LIST: "/docs/projects/MissionControl"
[2026-05-02T18:40:49.100Z] ABSOLUTE: "C:\Users\tberg\.openclaw\workspace\docs\projects\MissionControl"
[2026-05-02T18:40:49.101Z] FOUND: 11 items
[2026-05-02T18:40:49.101Z] ITEM: "ArtTracker" | isFolder: true | path: "docs/projects/MissionControl/ArtTracker"
[2026-05-02T18:40:49.102Z] ITEM: "Dashboard Architecture" | isFolder: false | path: "docs/projects/MissionControl/Dashboard Architecture"
[2026-05-02T18:40:49.102Z] ITEM: "governor_spec.md" | isFolder: false | path: "docs/projects/MissionControl/governor_spec.md"
[2026-05-02T18:40:49.102Z] ITEM: "Mission Control - Specs.md" | isFolder: false | path: "docs/projects/MissionControl/Mission Control - Specs.md"
[2026-05-02T18:40:49.103Z] ITEM: "mission-control-team-screen-concept.md" | isFolder: false | path: "docs/projects/MissionControl/mission-control-team-screen-concept.md"
[2026-05-02T18:40:49.103Z] ITEM: "ops-control-screen-proposal-implementation-plan" | isFolder: true | path: "docs/projects/MissionControl/ops-control-screen-proposal-implementation-plan"
[2026-05-02T18:40:49.104Z] ITEM: "Projects - Specs.txt" | isFolder: false | path: "docs/projects/MissionControl/Projects - Specs.txt"
[2026-05-02T18:40:49.104Z] ITEM: "README.md" | isFolder: false | path: "docs/projects/MissionControl/README.md"
[2026-05-02T18:40:49.104Z] ITEM: "Soul.md - Code Archetect" | isFolder: false | path: "docs/projects/MissionControl/Soul.md - Code Archetect"
[2026-05-02T18:40:49.105Z] ITEM: "Team-screen-concept.md" | isFolder: false | path: "docs/projects/MissionControl/Team-screen-concept.md"
[2026-05-02T18:40:49.105Z] ITEM: "Test - System Config" | isFolder: false | path: "docs/projects/MissionControl/Test - System Config"
[2026-05-02T18:41:04.821Z] LIST: "/docs/projects/MissionControl/ArtTracker"
[2026-05-02T18:41:04.821Z] ABSOLUTE: "C:\Users\tberg\.openclaw\workspace\docs\projects\MissionControl\ArtTracker"
[2026-05-02T18:41:04.822Z] FOUND: 9 items
[2026-05-02T18:41:04.822Z] ITEM: "00-Overview.md" | isFolder: false | path: "docs/projects/MissionControl/ArtTracker/00-Overview.md"
[2026-05-02T18:41:04.823Z] ITEM: "01-Architecture.md" | isFolder: false | path: "docs/projects/MissionControl/ArtTracker/01-Architecture.md"
[2026-05-02T18:41:04.823Z] ITEM: "02-Frontend.md" | isFolder: false | path: "docs/projects/MissionControl/ArtTracker/02-Frontend.md"
[2026-05-02T18:41:04.824Z] ITEM: "03-Backend-API.md" | isFolder: false | path: "docs/projects/MissionControl/ArtTracker/03-Backend-API.md"
[2026-05-02T18:41:04.824Z] ITEM: "04-Database-Schema.md" | isFolder: false | path: "docs/projects/MissionControl/ArtTracker/04-Database-Schema.md"
[2026-05-02T18:41:04.824Z] ITEM: "05-Setup.md" | isFolder: false | path: "docs/projects/MissionControl/ArtTracker/05-Setup.md"
[2026-05-02T18:41:04.825Z] ITEM: "06-Usage-Guide.md" | isFolder: false | path: "docs/projects/MissionControl/ArtTracker/06-Usage-Guide.md"
[2026-05-02T18:41:04.825Z] ITEM: "07-Current-Features.md" | isFolder: false | path: "docs/projects/MissionControl/ArtTracker/07-Current-Features.md"
[2026-05-02T18:41:04.826Z] ITEM: "08-Roadmap-and-Enhancements.md" | isFolder: false | path: "docs/projects/MissionControl/ArtTracker/08-Roadmap-and-Enhancements.md"
[2026-05-02T18:41:20.794Z] LIST: "/docs/projects/MissionControl"
[2026-05-02T18:41:20.795Z] ABSOLUTE: "C:\Users\tberg\.openclaw\workspace\docs\projects\MissionControl"
[2026-05-02T18:41:20.795Z] FOUND: 11 items
[2026-05-02T18:41:20.796Z] ITEM: "ArtTracker" | isFolder: true | path: "docs/projects/MissionControl/ArtTracker"
[2026-05-02T18:41:20.796Z] ITEM: "Dashboard Architecture" | isFolder: false | path: "docs/projects/MissionControl/Dashboard Architecture"
[2026-05-02T18:41:20.797Z] ITEM: "governor_spec.md" | isFolder: false | path: "docs/projects/MissionControl/governor_spec.md"
[2026-05-02T18:41:20.797Z] ITEM: "Mission Control - Specs.md" | isFolder: false | path: "docs/projects/MissionControl/Mission Control - Specs.md"
[2026-05-02T18:41:20.798Z] ITEM: "mission-control-team-screen-concept.md" | isFolder: false | path: "docs/projects/MissionControl/mission-control-team-screen-concept.md"
[2026-05-02T18:41:20.798Z] ITEM: "ops-control-screen-proposal-implementation-plan" | isFolder: true | path: "docs/projects/MissionControl/ops-control-screen-proposal-implementation-plan"
[2026-05-02T18:41:20.798Z] ITEM: "Projects - Specs.txt" | isFolder: false | path: "docs/projects/MissionControl/Projects - Specs.txt"
[2026-05-02T18:41:20.799Z] ITEM: "README.md" | isFolder: false | path: "docs/projects/MissionControl/README.md"
[2026-05-02T18:41:20.799Z] ITEM: "Soul.md - Code Archetect" | isFolder: false | path: "docs/projects/MissionControl/Soul.md - Code Archetect"
[2026-05-02T18:41:20.800Z] ITEM: "Team-screen-concept.md" | isFolder: false | path: "docs/projects/MissionControl/Team-screen-concept.md"
[2026-05-02T18:41:20.800Z] ITEM: "Test - System Config" | isFolder: false | path: "docs/projects/MissionControl/Test - System Config"
[2026-05-02T18:44:34.051Z] LIST: "/"
[2026-05-02T18:44:42.548Z] LIST: "/docs"
[2026-05-02T18:44:42.548Z] ABSOLUTE: "C:\Users\tberg\.openclaw\workspace\docs"
[2026-05-02T18:44:42.549Z] FOUND: 8 items
[2026-05-02T18:44:42.549Z] ITEM: "concepts" | isFolder: true | path: "docs/concepts"
[2026-05-02T18:44:42.550Z] ITEM: "lessons" | isFolder: true | path: "docs/lessons"
[2026-05-02T18:44:42.550Z] ITEM: "Nightly-Log.md" | isFolder: false | path: "docs/Nightly-Log.md"
[2026-05-02T18:44:42.550Z] ITEM: "notes" | isFolder: true | path: "docs/notes"
[2026-05-02T18:44:42.551Z] ITEM: "openclaw" | isFolder: true | path: "docs/openclaw"
[2026-05-02T18:44:42.551Z] ITEM: "projects" | isFolder: true | path: "docs/projects"
[2026-05-02T18:44:42.552Z] ITEM: "topics" | isFolder: true | path: "docs/topics"
[2026-05-02T18:44:42.552Z] ITEM: "Wiki-Guide.md" | isFolder: false | path: "docs/Wiki-Guide.md"
[2026-05-02T18:45:59.109Z] LIST: "/"
[2026-05-02T18:46:02.213Z] LIST: "/docs"
[2026-05-02T18:46:02.214Z] ABSOLUTE: "C:\Users\tberg\.openclaw\workspace\docs"
[2026-05-02T18:46:02.214Z] FOUND: 8 items
[2026-05-02T18:46:02.215Z] ITEM: "concepts" | isFolder: true | path: "docs/concepts"
[2026-05-02T18:46:02.215Z] ITEM: "lessons" | isFolder: true | path: "docs/lessons"
[2026-05-02T18:46:02.215Z] ITEM: "Nightly-Log.md" | isFolder: false | path: "docs/Nightly-Log.md"
[2026-05-02T18:46:02.216Z] ITEM: "notes" | isFolder: true | path: "docs/notes"
[2026-05-02T18:46:02.216Z] ITEM: "openclaw" | isFolder: true | path: "docs/openclaw"
[2026-05-02T18:46:02.216Z] ITEM: "projects" | isFolder: true | path: "docs/projects"
[2026-05-02T18:46:02.217Z] ITEM: "topics" | isFolder: true | path: "docs/topics"
[2026-05-02T18:46:02.217Z] ITEM: "Wiki-Guide.md" | isFolder: false | path: "docs/Wiki-Guide.md"
[2026-05-02T18:46:06.303Z] LIST: "/docs/projects"
[2026-05-02T18:46:06.304Z] ABSOLUTE: "C:\Users\tberg\.openclaw\workspace\docs\projects"
[2026-05-02T18:46:06.304Z] FOUND: 16 items
[2026-05-02T18:46:06.305Z] ITEM: "art-portfolio" | isFolder: true | path: "docs/projects/art-portfolio"
[2026-05-02T18:46:06.305Z] ITEM: "ArtSubmissions" | isFolder: true | path: "docs/projects/ArtSubmissions"
[2026-05-02T18:46:06.306Z] ITEM: "ArtTracker" | isFolder: true | path: "docs/projects/ArtTracker"
[2026-05-02T18:46:06.306Z] ITEM: "Chronicles" | isFolder: true | path: "docs/projects/Chronicles"
[2026-05-02T18:46:06.307Z] ITEM: "CollectorCRM" | isFolder: true | path: "docs/projects/CollectorCRM"
[2026-05-02T18:46:06.307Z] ITEM: "CompositionPro" | isFolder: true | path: "docs/projects/CompositionPro"
[2026-05-02T18:46:06.307Z] ITEM: "MissionControl" | isFolder: true | path: "docs/projects/MissionControl"
[2026-05-02T18:46:06.308Z] ITEM: "OpenClaw" | isFolder: true | path: "docs/projects/OpenClaw"
[2026-05-02T18:46:06.308Z] ITEM: "PaletteExtractor" | isFolder: true | path: "docs/projects/PaletteExtractor"
[2026-05-02T18:46:06.309Z] ITEM: "PalettePickerPro" | isFolder: true | path: "docs/projects/PalettePickerPro"
[2026-05-02T18:46:06.309Z] ITEM: "PictureHangerPro" | isFolder: true | path: "docs/projects/PictureHangerPro"
[2026-05-02T18:46:06.309Z] ITEM: "PictureHangerPro3" | isFolder: true | path: "docs/projects/PictureHangerPro3"
[2026-05-02T18:46:06.310Z] ITEM: "second-brain" | isFolder: true | path: "docs/projects/second-brain"
[2026-05-02T18:46:06.310Z] ITEM: "Thomas-Arenberg" | isFolder: true | path: "docs/projects/Thomas-Arenberg"
[2026-05-02T18:46:06.311Z] ITEM: "TomArenbergWebsite" | isFolder: true | path: "docs/projects/TomArenbergWebsite"
[2026-05-02T18:46:06.311Z] ITEM: "VoiceChat" | isFolder: true | path: "docs/projects/VoiceChat"
[2026-05-02T18:46:09.564Z] LIST: "/docs/projects/MissionControl"
[2026-05-02T18:46:09.565Z] ABSOLUTE: "C:\Users\tberg\.openclaw\workspace\docs\projects\MissionControl"
[2026-05-02T18:46:09.565Z] FOUND: 11 items
[2026-05-02T18:46:09.566Z] ITEM: "ArtTracker" | isFolder: true | path: "docs/projects/MissionControl/ArtTracker"
[2026-05-02T18:46:09.566Z] ITEM: "Dashboard Architecture" | isFolder: false | path: "docs/projects/MissionControl/Dashboard Architecture"
[2026-05-02T18:46:09.566Z] ITEM: "governor_spec.md" | isFolder: false | path: "docs/projects/MissionControl/governor_spec.md"
[2026-05-02T18:46:09.567Z] ITEM: "Mission Control - Specs.md" | isFolder: false | path: "docs/projects/MissionControl/Mission Control - Specs.md"
[2026-05-02T18:46:09.567Z] ITEM: "mission-control-team-screen-concept.md" | isFolder: false | path: "docs/projects/MissionControl/mission-control-team-screen-concept.md"
[2026-05-02T18:46:09.568Z] ITEM: "ops-control-screen-proposal-implementation-plan" | isFolder: true | path: "docs/projects/MissionControl/ops-control-screen-proposal-implementation-plan"
[2026-05-02T18:46:09.568Z] ITEM: "Projects - Specs.txt" | isFolder: false | path: "docs/projects/MissionControl/Projects - Specs.txt"
[2026-05-02T18:46:09.569Z] ITEM: "README.md" | isFolder: false | path: "docs/projects/MissionControl/README.md"
[2026-05-02T18:46:09.569Z] ITEM: "Soul.md - Code Archetect" | isFolder: false | path: "docs/projects/MissionControl/Soul.md - Code Archetect"
[2026-05-02T18:46:09.569Z] ITEM: "Team-screen-concept.md" | isFolder: false | path: "docs/projects/MissionControl/Team-screen-concept.md"
[2026-05-02T18:46:09.570Z] ITEM: "Test - System Config" | isFolder: false | path: "docs/projects/MissionControl/Test - System Config"
[2026-05-02T18:46:35.976Z] LIST: "/docs/projects"
[2026-05-02T18:46:35.977Z] ABSOLUTE: "C:\Users\tberg\.openclaw\workspace\docs\projects"
[2026-05-02T18:46:35.978Z] FOUND: 16 items
[2026-05-02T18:46:35.978Z] ITEM: "art-portfolio" | isFolder: true | path: "docs/projects/art-portfolio"
[2026-05-02T18:46:35.979Z] ITEM: "ArtSubmissions" | isFolder: true | path: "docs/projects/ArtSubmissions"
[2026-05-02T18:46:35.979Z] ITEM: "ArtTracker" | isFolder: true | path: "docs/projects/ArtTracker"
[2026-05-02T18:46:35.980Z] ITEM: "Chronicles" | isFolder: true | path: "docs/projects/Chronicles"
[2026-05-02T18:46:35.980Z] ITEM: "CollectorCRM" | isFolder: true | path: "docs/projects/CollectorCRM"
[2026-05-02T18:46:35.981Z] ITEM: "CompositionPro" | isFolder: true | path: "docs/projects/CompositionPro"
[2026-05-02T18:46:35.981Z] ITEM: "MissionControl" | isFolder: true | path: "docs/projects/MissionControl"
[2026-05-02T18:46:35.982Z] ITEM: "OpenClaw" | isFolder: true | path: "docs/projects/OpenClaw"
[2026-05-02T18:46:35.982Z] ITEM: "PaletteExtractor" | isFolder: true | path: "docs/projects/PaletteExtractor"
[2026-05-02T18:46:35.983Z] ITEM: "PalettePickerPro" | isFolder: true | path: "docs/projects/PalettePickerPro"
[2026-05-02T18:46:35.983Z] ITEM: "PictureHangerPro" | isFolder: true | path: "docs/projects/PictureHangerPro"
[2026-05-02T18:46:35.984Z] ITEM: "PictureHangerPro3" | isFolder: true | path: "docs/projects/PictureHangerPro3"
[2026-05-02T18:46:35.984Z] ITEM: "second-brain" | isFolder: true | path: "docs/projects/second-brain"
[2026-05-02T18:46:35.985Z] ITEM: "Thomas-Arenberg" | isFolder: true | path: "docs/projects/Thomas-Arenberg"
[2026-05-02T18:46:35.985Z] ITEM: "TomArenbergWebsite" | isFolder: true | path: "docs/projects/TomArenbergWebsite"
[2026-05-02T18:46:35.985Z] ITEM: "VoiceChat" | isFolder: true | path: "docs/projects/VoiceChat"
[2026-05-02T18:46:37.829Z] LIST: "/docs/projects/MissionControl"
[2026-05-02T18:46:37.829Z] ABSOLUTE: "C:\Users\tberg\.openclaw\workspace\docs\projects\MissionControl"
[2026-05-02T18:46:37.830Z] FOUND: 11 items
[2026-05-02T18:46:37.830Z] ITEM: "ArtTracker" | isFolder: true | path: "docs/projects/MissionControl/ArtTracker"
[2026-05-02T18:46:37.831Z] ITEM: "Dashboard Architecture" | isFolder: false | path: "docs/projects/MissionControl/Dashboard Architecture"
[2026-05-02T18:46:37.831Z] ITEM: "governor_spec.md" | isFolder: false | path: "docs/projects/MissionControl/governor_spec.md"
[2026-05-02T18:46:37.831Z] ITEM: "Mission Control - Specs.md" | isFolder: false | path: "docs/projects/MissionControl/Mission Control - Specs.md"
[2026-05-02T18:46:37.832Z] ITEM: "mission-control-team-screen-concept.md" | isFolder: false | path: "docs/projects/MissionControl/mission-control-team-screen-concept.md"
[2026-05-02T18:46:37.833Z] ITEM: "ops-control-screen-proposal-implementation-plan" | isFolder: true | path: "docs/projects/MissionControl/ops-control-screen-proposal-implementation-plan"
[2026-05-02T18:46:37.833Z] ITEM: "Projects - Specs.txt" | isFolder: false | path: "docs/projects/MissionControl/Projects - Specs.txt"
[2026-05-02T18:46:37.834Z] ITEM: "README.md" | isFolder: false | path: "docs/projects/MissionControl/README.md"
[2026-05-02T18:46:37.834Z] ITEM: "Soul.md - Code Archetect" | isFolder: false | path: "docs/projects/MissionControl/Soul.md - Code Archetect"
[2026-05-02T18:46:37.835Z] ITEM: "Team-screen-concept.md" | isFolder: false | path: "docs/projects/MissionControl/Team-screen-concept.md"
[2026-05-02T18:46:37.835Z] ITEM: "Test - System Config" | isFolder: false | path: "docs/projects/MissionControl/Test - System Config"
[2026-05-02T18:47:00.613Z] LIST: "/docs/projects"
[2026-05-02T18:47:00.613Z] ABSOLUTE: "C:\Users\tberg\.openclaw\workspace\docs\projects"
[2026-05-02T18:47:00.614Z] FOUND: 16 items
[2026-05-02T18:47:00.614Z] ITEM: "art-portfolio" | isFolder: true | path: "docs/projects/art-portfolio"
[2026-05-02T18:47:00.615Z] ITEM: "ArtSubmissions" | isFolder: true | path: "docs/projects/ArtSubmissions"
[2026-05-02T18:47:00.615Z] ITEM: "ArtTracker" | isFolder: true | path: "docs/projects/ArtTracker"
[2026-05-02T18:47:00.616Z] ITEM: "Chronicles" | isFolder: true | path: "docs/projects/Chronicles"
[2026-05-02T18:47:00.616Z] ITEM: "CollectorCRM" | isFolder: true | path: "docs/projects/CollectorCRM"
[2026-05-02T18:47:00.617Z] ITEM: "CompositionPro" | isFolder: true | path: "docs/projects/CompositionPro"
[2026-05-02T18:47:00.617Z] ITEM: "MissionControl" | isFolder: true | path: "docs/projects/MissionControl"
[2026-05-02T18:47:00.618Z] ITEM: "OpenClaw" | isFolder: true | path: "docs/projects/OpenClaw"
[2026-05-02T18:47:00.618Z] ITEM: "PaletteExtractor" | isFolder: true | path: "docs/projects/PaletteExtractor"
[2026-05-02T18:47:00.619Z] ITEM: "PalettePickerPro" | isFolder: true | path: "docs/projects/PalettePickerPro"
[2026-05-02T18:47:00.619Z] ITEM: "PictureHangerPro" | isFolder: true | path: "docs/projects/PictureHangerPro"
[2026-05-02T18:47:00.620Z] ITEM: "PictureHangerPro3" | isFolder: true | path: "docs/projects/PictureHangerPro3"
[2026-05-02T18:47:00.620Z] ITEM: "second-brain" | isFolder: true | path: "docs/projects/second-brain"
[2026-05-02T18:47:00.621Z] ITEM: "Thomas-Arenberg" | isFolder: true | path: "docs/projects/Thomas-Arenberg"
[2026-05-02T18:47:00.621Z] ITEM: "TomArenbergWebsite" | isFolder: true | path: "docs/projects/TomArenbergWebsite"
[2026-05-02T18:47:00.621Z] ITEM: "VoiceChat" | isFolder: true | path: "docs/projects/VoiceChat"
[2026-05-02T18:47:03.964Z] LIST: "/docs/projects/Chronicles"
[2026-05-02T18:47:03.964Z] ABSOLUTE: "C:\Users\tberg\.openclaw\workspace\docs\projects\Chronicles"
[2026-05-02T18:47:03.965Z] FOUND: 3 items
[2026-05-02T18:47:03.965Z] ITEM: "chronicals-old-historical-entries" | isFolder: true | path: "docs/projects/Chronicles/chronicals-old-historical-entries"
[2026-05-02T18:47:03.966Z] ITEM: "Chronicles Journaling Application S.txt" | isFolder: false | path: "docs/projects/Chronicles/Chronicles Journaling Application S.txt"
[2026-05-02T18:47:03.966Z] ITEM: "README.md" | isFolder: false | path: "docs/projects/Chronicles/README.md"
[2026-05-02T18:47:12.936Z] LIST: "/docs/projects"
[2026-05-02T18:47:12.937Z] ABSOLUTE: "C:\Users\tberg\.openclaw\workspace\docs\projects"
[2026-05-02T18:47:12.938Z] FOUND: 16 items
[2026-05-02T18:47:12.938Z] ITEM: "art-portfolio" | isFolder: true | path: "docs/projects/art-portfolio"
[2026-05-02T18:47:12.939Z] ITEM: "ArtSubmissions" | isFolder: true | path: "docs/projects/ArtSubmissions"
[2026-05-02T18:47:12.940Z] ITEM: "ArtTracker" | isFolder: true | path: "docs/projects/ArtTracker"
[2026-05-02T18:47:12.941Z] ITEM: "Chronicles" | isFolder: true | path: "docs/projects/Chronicles"
[2026-05-02T18:47:12.941Z] ITEM: "CollectorCRM" | isFolder: true | path: "docs/projects/CollectorCRM"
[2026-05-02T18:47:12.942Z] ITEM: "CompositionPro" | isFolder: true | path: "docs/projects/CompositionPro"
[2026-05-02T18:47:12.942Z] ITEM: "MissionControl" | isFolder: true | path: "docs/projects/MissionControl"
[2026-05-02T18:47:12.943Z] ITEM: "OpenClaw" | isFolder: true | path: "docs/projects/OpenClaw"
[2026-05-02T18:47:12.943Z] ITEM: "PaletteExtractor" | isFolder: true | path: "docs/projects/PaletteExtractor"
[2026-05-02T18:47:12.943Z] ITEM: "PalettePickerPro" | isFolder: true | path: "docs/projects/PalettePickerPro"
[2026-05-02T18:47:12.944Z] ITEM: "PictureHangerPro" | isFolder: true | path: "docs/projects/PictureHangerPro"
[2026-05-02T18:47:12.944Z] ITEM: "PictureHangerPro3" | isFolder: true | path: "docs/projects/PictureHangerPro3"
[2026-05-02T18:47:12.945Z] ITEM: "second-brain" | isFolder: true | path: "docs/projects/second-brain"
[2026-05-02T18:47:12.945Z] ITEM: "Thomas-Arenberg" | isFolder: true | path: "docs/projects/Thomas-Arenberg"
[2026-05-02T18:47:12.946Z] ITEM: "TomArenbergWebsite" | isFolder: true | path: "docs/projects/TomArenbergWebsite"
[2026-05-02T18:47:12.946Z] ITEM: "VoiceChat" | isFolder: true | path: "docs/projects/VoiceChat"
[2026-05-02T18:47:21.194Z] LIST: "/"
[2026-05-02T18:47:26.561Z] LIST: "/docs"
[2026-05-02T18:47:26.562Z] ABSOLUTE: "C:\Users\tberg\.openclaw\workspace\docs"
[2026-05-02T18:47:26.562Z] FOUND: 8 items
[2026-05-02T18:47:26.563Z] ITEM: "concepts" | isFolder: true | path: "docs/concepts"
[2026-05-02T18:47:26.563Z] ITEM: "lessons" | isFolder: true | path: "docs/lessons"
[2026-05-02T18:47:26.563Z] ITEM: "Nightly-Log.md" | isFolder: false | path: "docs/Nightly-Log.md"
[2026-05-02T18:47:26.564Z] ITEM: "notes" | isFolder: true | path: "docs/notes"
[2026-05-02T18:47:26.564Z] ITEM: "openclaw" | isFolder: true | path: "docs/openclaw"
[2026-05-02T18:47:26.565Z] ITEM: "projects" | isFolder: true | path: "docs/projects"
[2026-05-02T18:47:26.565Z] ITEM: "topics" | isFolder: true | path: "docs/topics"
[2026-05-02T18:47:26.565Z] ITEM: "Wiki-Guide.md" | isFolder: false | path: "docs/Wiki-Guide.md"
[2026-05-02T18:47:28.541Z] LIST: "/docs/concepts"
[2026-05-02T18:47:28.541Z] ABSOLUTE: "C:\Users\tberg\.openclaw\workspace\docs\concepts"
[2026-05-02T18:47:28.542Z] FOUND: 3 items
[2026-05-02T18:47:28.542Z] ITEM: "mission-control-team-screen-concept.md" | isFolder: false | path: "docs/concepts/mission-control-team-screen-concept.md"
[2026-05-02T18:47:28.544Z] ITEM: "self-healing feedback loop" | isFolder: false | path: "docs/concepts/self-healing feedback loop"
[2026-05-02T18:47:28.544Z] ITEM: "WIKI" | isFolder: false | path: "docs/concepts/WIKI"
[2026-05-02T18:47:37.032Z] READ: "docs/concepts/WIKI"
[2026-05-02T18:47:37.033Z] ABSOLUTE: "C:\Users\tberg\.openclaw\workspace\docs\concepts\WIKI"
[2026-05-02T18:47:37.033Z] READ OK: 15501 bytes
[2026-05-02T18:55:27.860Z] READ: "docs/concepts/mission-control-team-screen-concept.md"
[2026-05-02T18:55:27.860Z] ABSOLUTE: "C:\Users\tberg\.openclaw\workspace\docs\concepts\mission-control-team-screen-concept.md"
[2026-05-02T18:55:27.864Z] READ OK: 3429 bytes
[2026-05-02T18:57:40.096Z] LIST: "/"
[2026-05-02T18:57:40.133Z] LIST: "/docs/concepts"
[2026-05-02T18:57:40.134Z] ABSOLUTE: "C:\Users\tberg\.openclaw\workspace\docs\concepts"
[2026-05-02T18:57:40.135Z] FOUND: 3 items
[2026-05-02T18:57:40.135Z] ITEM: "mission-control-team-screen-concept.md" | isFolder: false | path: "docs/concepts/mission-control-team-screen-concept.md"
[2026-05-02T18:57:40.136Z] ITEM: "self-healing feedback loop" | isFolder: false | path: "docs/concepts/self-healing feedback loop"
[2026-05-02T18:57:40.136Z] ITEM: "WIKI" | isFolder: false | path: "docs/concepts/WIKI"
[2026-05-02T18:57:46.484Z] LIST: "/docs"
[2026-05-02T18:57:46.484Z] ABSOLUTE: "C:\Users\tberg\.openclaw\workspace\docs"
[2026-05-02T18:57:46.485Z] FOUND: 8 items
[2026-05-02T18:57:46.485Z] ITEM: "concepts" | isFolder: true | path: "docs/concepts"
[2026-05-02T18:57:46.486Z] ITEM: "lessons" | isFolder: true | path: "docs/lessons"
[2026-05-02T18:57:46.486Z] ITEM: "Nightly-Log.md" | isFolder: false | path: "docs/Nightly-Log.md"
[2026-05-02T18:57:46.486Z] ITEM: "notes" | isFolder: true | path: "docs/notes"
[2026-05-02T18:57:46.487Z] ITEM: "openclaw" | isFolder: true | path: "docs/openclaw"
[2026-05-02T18:57:46.487Z] ITEM: "projects" | isFolder: true | path: "docs/projects"
[2026-05-02T18:57:46.488Z] ITEM: "topics" | isFolder: true | path: "docs/topics"
[2026-05-02T18:57:46.488Z] ITEM: "Wiki-Guide.md" | isFolder: false | path: "docs/Wiki-Guide.md"
[2026-05-02T18:57:49.129Z] LIST: "/docs/projects"
[2026-05-02T18:57:49.130Z] ABSOLUTE: "C:\Users\tberg\.openclaw\workspace\docs\projects"
[2026-05-02T18:57:49.130Z] FOUND: 16 items
[2026-05-02T18:57:49.131Z] ITEM: "art-portfolio" | isFolder: true | path: "docs/projects/art-portfolio"
[2026-05-02T18:57:49.131Z] ITEM: "ArtSubmissions" | isFolder: true | path: "docs/projects/ArtSubmissions"
[2026-05-02T18:57:49.132Z] ITEM: "ArtTracker" | isFolder: true | path: "docs/projects/ArtTracker"
[2026-05-02T18:57:49.132Z] ITEM: "Chronicles" | isFolder: true | path: "docs/projects/Chronicles"
[2026-05-02T18:57:49.132Z] ITEM: "CollectorCRM" | isFolder: true | path: "docs/projects/CollectorCRM"
[2026-05-02T18:57:49.133Z] ITEM: "CompositionPro" | isFolder: true | path: "docs/projects/CompositionPro"
[2026-05-02T18:57:49.133Z] ITEM: "MissionControl" | isFolder: true | path: "docs/projects/MissionControl"
[2026-05-02T18:57:49.134Z] ITEM: "OpenClaw" | isFolder: true | path: "docs/projects/OpenClaw"
[2026-05-02T18:57:49.135Z] ITEM: "PaletteExtractor" | isFolder: true | path: "docs/projects/PaletteExtractor"
[2026-05-02T18:57:49.135Z] ITEM: "PalettePickerPro" | isFolder: true | path: "docs/projects/PalettePickerPro"
[2026-05-02T18:57:49.136Z] ITEM: "PictureHangerPro" | isFolder: true | path: "docs/projects/PictureHangerPro"
[2026-05-02T18:57:49.136Z] ITEM: "PictureHangerPro3" | isFolder: true | path: "docs/projects/PictureHangerPro3"
[2026-05-02T18:57:49.137Z] ITEM: "second-brain" | isFolder: true | path: "docs/projects/second-brain"
[2026-05-02T18:57:49.137Z] ITEM: "Thomas-Arenberg" | isFolder: true | path: "docs/projects/Thomas-Arenberg"
[2026-05-02T18:57:49.138Z] ITEM: "TomArenbergWebsite" | isFolder: true | path: "docs/projects/TomArenbergWebsite"
[2026-05-02T18:57:49.138Z] ITEM: "VoiceChat" | isFolder: true | path: "docs/projects/VoiceChat"
[2026-05-02T18:57:51.017Z] LIST: "/docs/projects/MissionControl"
[2026-05-02T18:57:51.018Z] ABSOLUTE: "C:\Users\tberg\.openclaw\workspace\docs\projects\MissionControl"
[2026-05-02T18:57:51.018Z] FOUND: 11 items
[2026-05-02T18:57:51.019Z] ITEM: "ArtTracker" | isFolder: true | path: "docs/projects/MissionControl/ArtTracker"
[2026-05-02T18:57:51.019Z] ITEM: "Dashboard Architecture" | isFolder: false | path: "docs/projects/MissionControl/Dashboard Architecture"
[2026-05-02T18:57:51.020Z] ITEM: "governor_spec.md" | isFolder: false | path: "docs/projects/MissionControl/governor_spec.md"
[2026-05-02T18:57:51.020Z] ITEM: "Mission Control - Specs.md" | isFolder: false | path: "docs/projects/MissionControl/Mission Control - Specs.md"
[2026-05-02T18:57:51.021Z] ITEM: "mission-control-team-screen-concept.md" | isFolder: false | path: "docs/projects/MissionControl/mission-control-team-screen-concept.md"
[2026-05-02T18:57:51.022Z] ITEM: "ops-control-screen-proposal-implementation-plan" | isFolder: true | path: "docs/projects/MissionControl/ops-control-screen-proposal-implementation-plan"
[2026-05-02T18:57:51.022Z] ITEM: "Projects - Specs.txt" | isFolder: false | path: "docs/projects/MissionControl/Projects - Specs.txt"
[2026-05-02T18:57:51.023Z] ITEM: "README.md" | isFolder: false | path: "docs/projects/MissionControl/README.md"
[2026-05-02T18:57:51.023Z] ITEM: "Soul.md - Code Archetect" | isFolder: false | path: "docs/projects/MissionControl/Soul.md - Code Archetect"
[2026-05-02T18:57:51.024Z] ITEM: "Team-screen-concept.md" | isFolder: false | path: "docs/projects/MissionControl/Team-screen-concept.md"
[2026-05-02T18:57:51.024Z] ITEM: "Test - System Config" | isFolder: false | path: "docs/projects/MissionControl/Test - System Config"
[2026-05-02T18:57:56.264Z] LIST: "/docs/concepts"
[2026-05-02T18:57:56.264Z] ABSOLUTE: "C:\Users\tberg\.openclaw\workspace\docs\concepts"
[2026-05-02T18:57:56.265Z] FOUND: 2 items
[2026-05-02T18:57:56.265Z] ITEM: "self-healing feedback loop" | isFolder: false | path: "docs/concepts/self-healing feedback loop"
[2026-05-02T18:57:56.266Z] ITEM: "WIKI" | isFolder: false | path: "docs/concepts/WIKI"
[2026-05-02T18:58:11.408Z] LIST: "/docs"
[2026-05-02T18:58:11.408Z] ABSOLUTE: "C:\Users\tberg\.openclaw\workspace\docs"
[2026-05-02T18:58:11.409Z] FOUND: 8 items
[2026-05-02T18:58:11.409Z] ITEM: "concepts" | isFolder: true | path: "docs/concepts"
[2026-05-02T18:58:11.409Z] ITEM: "lessons" | isFolder: true | path: "docs/lessons"
[2026-05-02T18:58:11.410Z] ITEM: "Nightly-Log.md" | isFolder: false | path: "docs/Nightly-Log.md"
[2026-05-02T18:58:11.410Z] ITEM: "notes" | isFolder: true | path: "docs/notes"
[2026-05-02T18:58:11.411Z] ITEM: "openclaw" | isFolder: true | path: "docs/openclaw"
[2026-05-02T18:58:11.411Z] ITEM: "projects" | isFolder: true | path: "docs/projects"
[2026-05-02T18:58:11.411Z] ITEM: "topics" | isFolder: true | path: "docs/topics"
[2026-05-02T18:58:11.412Z] ITEM: "Wiki-Guide.md" | isFolder: false | path: "docs/Wiki-Guide.md"
[2026-05-02T18:58:12.868Z] LIST: "/docs/projects"
[2026-05-02T18:58:12.868Z] ABSOLUTE: "C:\Users\tberg\.openclaw\workspace\docs\projects"
[2026-05-02T18:58:12.869Z] FOUND: 16 items
[2026-05-02T18:58:12.869Z] ITEM: "art-portfolio" | isFolder: true | path: "docs/projects/art-portfolio"
[2026-05-02T18:58:12.870Z] ITEM: "ArtSubmissions" | isFolder: true | path: "docs/projects/ArtSubmissions"
[2026-05-02T18:58:12.870Z] ITEM: "ArtTracker" | isFolder: true | path: "docs/projects/ArtTracker"
[2026-05-02T18:58:12.870Z] ITEM: "Chronicles" | isFolder: true | path: "docs/projects/Chronicles"
[2026-05-02T18:58:12.871Z] ITEM: "CollectorCRM" | isFolder: true | path: "docs/projects/CollectorCRM"
[2026-05-02T18:58:12.871Z] ITEM: "CompositionPro" | isFolder: true | path: "docs/projects/CompositionPro"
[2026-05-02T18:58:12.872Z] ITEM: "MissionControl" | isFolder: true | path: "docs/projects/MissionControl"
[2026-05-02T18:58:12.872Z] ITEM: "OpenClaw" | isFolder: true | path: "docs/projects/OpenClaw"
[2026-05-02T18:58:12.873Z] ITEM: "PaletteExtractor" | isFolder: true | path: "docs/projects/PaletteExtractor"
[2026-05-02T18:58:12.873Z] ITEM: "PalettePickerPro" | isFolder: true | path: "docs/projects/PalettePickerPro"
[2026-05-02T18:58:12.873Z] ITEM: "PictureHangerPro" | isFolder: true | path: "docs/projects/PictureHangerPro"
[2026-05-02T18:58:12.874Z] ITEM: "PictureHangerPro3" | isFolder: true | path: "docs/projects/PictureHangerPro3"
[2026-05-02T18:58:12.874Z] ITEM: "second-brain" | isFolder: true | path: "docs/projects/second-brain"
[2026-05-02T18:58:12.875Z] ITEM: "Thomas-Arenberg" | isFolder: true | path: "docs/projects/Thomas-Arenberg"
[2026-05-02T18:58:12.875Z] ITEM: "TomArenbergWebsite" | isFolder: true | path: "docs/projects/TomArenbergWebsite"
[2026-05-02T18:58:12.876Z] ITEM: "VoiceChat" | isFolder: true | path: "docs/projects/VoiceChat"
[2026-05-02T18:58:14.503Z] LIST: "/docs/projects/MissionControl"
[2026-05-02T18:58:14.503Z] ABSOLUTE: "C:\Users\tberg\.openclaw\workspace\docs\projects\MissionControl"
[2026-05-02T18:58:14.504Z] FOUND: 11 items
[2026-05-02T18:58:14.505Z] ITEM: "ArtTracker" | isFolder: true | path: "docs/projects/MissionControl/ArtTracker"
[2026-05-02T18:58:14.505Z] ITEM: "Dashboard Architecture" | isFolder: false | path: "docs/projects/MissionControl/Dashboard Architecture"
[2026-05-02T18:58:14.506Z] ITEM: "governor_spec.md" | isFolder: false | path: "docs/projects/MissionControl/governor_spec.md"
[2026-05-02T18:58:14.506Z] ITEM: "Mission Control - Specs.md" | isFolder: false | path: "docs/projects/MissionControl/Mission Control - Specs.md"
[2026-05-02T18:58:14.507Z] ITEM: "mission-control-team-screen-concept.md" | isFolder: false | path: "docs/projects/MissionControl/mission-control-team-screen-concept.md"
[2026-05-02T18:58:14.507Z] ITEM: "ops-control-screen-proposal-implementation-plan" | isFolder: true | path: "docs/projects/MissionControl/ops-control-screen-proposal-implementation-plan"
[2026-05-02T18:58:14.507Z] ITEM: "Projects - Specs.txt" | isFolder: false | path: "docs/projects/MissionControl/Projects - Specs.txt"
[2026-05-02T18:58:14.508Z] ITEM: "README.md" | isFolder: false | path: "docs/projects/MissionControl/README.md"
[2026-05-02T18:58:14.508Z] ITEM: "Soul.md - Code Archetect" | isFolder: false | path: "docs/projects/MissionControl/Soul.md - Code Archetect"
[2026-05-02T18:58:14.509Z] ITEM: "Team-screen-concept.md" | isFolder: false | path: "docs/projects/MissionControl/Team-screen-concept.md"
[2026-05-02T18:58:14.509Z] ITEM: "Test - System Config" | isFolder: false | path: "docs/projects/MissionControl/Test - System Config"
[2026-05-02T18:58:34.216Z] LIST: "/docs/projects"
[2026-05-02T18:58:34.217Z] ABSOLUTE: "C:\Users\tberg\.openclaw\workspace\docs\projects"
[2026-05-02T18:58:34.217Z] FOUND: 16 items
[2026-05-02T18:58:34.218Z] ITEM: "art-portfolio" | isFolder: true | path: "docs/projects/art-portfolio"
[2026-05-02T18:58:34.218Z] ITEM: "ArtSubmissions" | isFolder: true | path: "docs/projects/ArtSubmissions"
[2026-05-02T18:58:34.218Z] ITEM: "ArtTracker" | isFolder: true | path: "docs/projects/ArtTracker"
[2026-05-02T18:58:34.219Z] ITEM: "Chronicles" | isFolder: true | path: "docs/projects/Chronicles"
[2026-05-02T18:58:34.219Z] ITEM: "CollectorCRM" | isFolder: true | path: "docs/projects/CollectorCRM"
[2026-05-02T18:58:34.220Z] ITEM: "CompositionPro" | isFolder: true | path: "docs/projects/CompositionPro"
[2026-05-02T18:58:34.220Z] ITEM: "MissionControl" | isFolder: true | path: "docs/projects/MissionControl"
[2026-05-02T18:58:34.221Z] ITEM: "OpenClaw" | isFolder: true | path: "docs/projects/OpenClaw"
[2026-05-02T18:58:34.221Z] ITEM: "PaletteExtractor" | isFolder: true | path: "docs/projects/PaletteExtractor"
[2026-05-02T18:58:34.221Z] ITEM: "PalettePickerPro" | isFolder: true | path: "docs/projects/PalettePickerPro"
[2026-05-02T18:58:34.222Z] ITEM: "PictureHangerPro" | isFolder: true | path: "docs/projects/PictureHangerPro"
[2026-05-02T18:58:34.222Z] ITEM: "PictureHangerPro3" | isFolder: true | path: "docs/projects/PictureHangerPro3"
[2026-05-02T18:58:34.223Z] ITEM: "second-brain" | isFolder: true | path: "docs/projects/second-brain"
[2026-05-02T18:58:34.223Z] ITEM: "Thomas-Arenberg" | isFolder: true | path: "docs/projects/Thomas-Arenberg"
[2026-05-02T18:58:34.223Z] ITEM: "TomArenbergWebsite" | isFolder: true | path: "docs/projects/TomArenbergWebsite"
[2026-05-02T18:58:34.224Z] ITEM: "VoiceChat" | isFolder: true | path: "docs/projects/VoiceChat"
[2026-05-02T18:58:51.777Z] LIST: "/"
[2026-05-02T18:58:51.797Z] LIST: "/docs/projects/MissionControl"
[2026-05-02T18:58:51.798Z] ABSOLUTE: "C:\Users\tberg\.openclaw\workspace\docs\projects\MissionControl"
[2026-05-02T18:58:51.799Z] FOUND: 11 items
[2026-05-02T18:58:51.799Z] ITEM: "ArtTracker" | isFolder: true | path: "docs/projects/MissionControl/ArtTracker"
[2026-05-02T18:58:51.799Z] ITEM: "Dashboard Architecture" | isFolder: false | path: "docs/projects/MissionControl/Dashboard Architecture"
[2026-05-02T18:58:51.800Z] ITEM: "governor_spec.md" | isFolder: false | path: "docs/projects/MissionControl/governor_spec.md"
[2026-05-02T18:58:51.800Z] ITEM: "Mission Control - Specs.md" | isFolder: false | path: "docs/projects/MissionControl/Mission Control - Specs.md"
[2026-05-02T18:58:51.801Z] ITEM: "mission-control-team-screen-concept.md" | isFolder: false | path: "docs/projects/MissionControl/mission-control-team-screen-concept.md"
[2026-05-02T18:58:51.801Z] ITEM: "ops-control-screen-proposal-implementation-plan" | isFolder: true | path: "docs/projects/MissionControl/ops-control-screen-proposal-implementation-plan"
[2026-05-02T18:58:51.802Z] ITEM: "Projects - Specs.txt" | isFolder: false | path: "docs/projects/MissionControl/Projects - Specs.txt"
[2026-05-02T18:58:51.802Z] ITEM: "README.md" | isFolder: false | path: "docs/projects/MissionControl/README.md"
[2026-05-02T18:58:51.802Z] ITEM: "Soul.md - Code Archetect" | isFolder: false | path: "docs/projects/MissionControl/Soul.md - Code Archetect"
[2026-05-02T18:58:51.803Z] ITEM: "Team-screen-concept.md" | isFolder: false | path: "docs/projects/MissionControl/Team-screen-concept.md"
[2026-05-02T18:58:51.803Z] ITEM: "Test - System Config" | isFolder: false | path: "docs/projects/MissionControl/Test - System Config"
[2026-05-02T19:08:43.927Z] LIST: "/"
[2026-05-02T19:08:48.436Z] LIST: "/docs"
[2026-05-02T19:08:48.437Z] ABSOLUTE: "C:\Users\tberg\.openclaw\workspace\docs"
[2026-05-02T19:08:48.437Z] FOUND: 10 items
[2026-05-02T19:08:48.438Z] ITEM: "concepts" | isFolder: true | path: "docs/concepts"
[2026-05-02T19:08:48.438Z] ITEM: "index.md" | isFolder: false | path: "docs/index.md"
[2026-05-02T19:08:48.438Z] ITEM: "lessons" | isFolder: true | path: "docs/lessons"
[2026-05-02T19:08:48.439Z] ITEM: "log.md" | isFolder: false | path: "docs/log.md"
[2026-05-02T19:08:48.439Z] ITEM: "Nightly-Log.md" | isFolder: false | path: "docs/Nightly-Log.md"
[2026-05-02T19:08:48.440Z] ITEM: "notes" | isFolder: true | path: "docs/notes"
[2026-05-02T19:08:48.440Z] ITEM: "openclaw" | isFolder: true | path: "docs/openclaw"
[2026-05-02T19:08:48.440Z] ITEM: "projects" | isFolder: true | path: "docs/projects"
[2026-05-02T19:08:48.441Z] ITEM: "topics" | isFolder: true | path: "docs/topics"
[2026-05-02T19:08:48.441Z] ITEM: "Wiki-Guide.md" | isFolder: false | path: "docs/Wiki-Guide.md"
[2026-05-02T19:10:12.611Z] READ: "docs/log.md"
[2026-05-02T19:10:12.611Z] ABSOLUTE: "C:\Users\tberg\.openclaw\workspace\docs\log.md"
[2026-05-02T19:10:12.612Z] READ OK: 846 bytes
[2026-05-02T19:10:50.300Z] LIST: "/docs/lessons"
[2026-05-02T19:10:50.300Z] ABSOLUTE: "C:\Users\tberg\.openclaw\workspace\docs\lessons"
[2026-05-02T19:10:50.300Z] FOUND: 1 items
[2026-05-02T19:10:50.301Z] ITEM: "lessons.md" | isFolder: false | path: "docs/lessons/lessons.md"
[2026-05-02T19:10:52.240Z] READ: "docs/lessons/lessons.md"
[2026-05-02T19:10:52.241Z] ABSOLUTE: "C:\Users\tberg\.openclaw\workspace\docs\lessons\lessons.md"
[2026-05-02T19:10:52.241Z] READ OK: 1092 bytes
[2026-05-02T19:13:36.239Z] LIST: "/"
[2026-05-02T19:13:40.130Z] LIST: "/memory"
[2026-05-02T19:13:40.131Z] ABSOLUTE: "C:\Users\tberg\.openclaw\workspace\memory"
[2026-05-02T19:13:40.131Z] FOUND: 69 items
[2026-05-02T19:13:40.132Z] ITEM: ".dreams" | isFolder: true | path: "memory/.dreams"
[2026-05-02T19:13:40.132Z] ITEM: "2026-03-07.md" | isFolder: false | path: "memory/2026-03-07.md"
[2026-05-02T19:13:40.133Z] ITEM: "2026-03-08.md" | isFolder: false | path: "memory/2026-03-08.md"
[2026-05-02T19:13:40.133Z] ITEM: "2026-03-09.md" | isFolder: false | path: "memory/2026-03-09.md"
[2026-05-02T19:13:40.133Z] ITEM: "2026-03-10.md" | isFolder: false | path: "memory/2026-03-10.md"
[2026-05-02T19:13:40.134Z] ITEM: "2026-03-11.md" | isFolder: false | path: "memory/2026-03-11.md"
[2026-05-02T19:13:40.134Z] ITEM: "2026-03-12.md" | isFolder: false | path: "memory/2026-03-12.md"
[2026-05-02T19:13:40.135Z] ITEM: "2026-03-13.md" | isFolder: false | path: "memory/2026-03-13.md"
[2026-05-02T19:13:40.135Z] ITEM: "2026-03-14.md" | isFolder: false | path: "memory/2026-03-14.md"
[2026-05-02T19:13:40.135Z] ITEM: "2026-03-15.md" | isFolder: false | path: "memory/2026-03-15.md"
[2026-05-02T19:13:40.136Z] ITEM: "2026-03-16.md" | isFolder: false | path: "memory/2026-03-16.md"
[2026-05-02T19:13:40.136Z] ITEM: "2026-03-17.md" | isFolder: false | path: "memory/2026-03-17.md"
[2026-05-02T19:13:40.136Z] ITEM: "2026-03-18.md" | isFolder: false | path: "memory/2026-03-18.md"
[2026-05-02T19:13:40.137Z] ITEM: "2026-03-19.md" | isFolder: false | path: "memory/2026-03-19.md"
[2026-05-02T19:13:40.137Z] ITEM: "2026-03-20.md" | isFolder: false | path: "memory/2026-03-20.md"
[2026-05-02T19:13:40.138Z] ITEM: "2026-03-21.md" | isFolder: false | path: "memory/2026-03-21.md"
[2026-05-02T19:13:40.138Z] ITEM: "2026-03-22.md" | isFolder: false | path: "memory/2026-03-22.md"
[2026-05-02T19:13:40.138Z] ITEM: "2026-03-23.md" | isFolder: false | path: "memory/2026-03-23.md"
[2026-05-02T19:13:40.139Z] ITEM: "2026-03-24.md" | isFolder: false | path: "memory/2026-03-24.md"
[2026-05-02T19:13:40.139Z] ITEM: "2026-03-25.md" | isFolder: false | path: "memory/2026-03-25.md"
[2026-05-02T19:13:40.140Z] ITEM: "2026-03-26.md" | isFolder: false | path: "memory/2026-03-26.md"
[2026-05-02T19:13:40.140Z] ITEM: "2026-03-27.md" | isFolder: false | path: "memory/2026-03-27.md"
[2026-05-02T19:13:40.140Z] ITEM: "2026-03-28.md" | isFolder: false | path: "memory/2026-03-28.md"
[2026-05-02T19:13:40.141Z] ITEM: "2026-03-29.md" | isFolder: false | path: "memory/2026-03-29.md"
[2026-05-02T19:13:40.141Z] ITEM: "2026-03-30.md" | isFolder: false | path: "memory/2026-03-30.md"
[2026-05-02T19:13:40.141Z] ITEM: "2026-03-31.md" | isFolder: false | path: "memory/2026-03-31.md"
[2026-05-02T19:13:40.142Z] ITEM: "2026-04-01.md" | isFolder: false | path: "memory/2026-04-01.md"
[2026-05-02T19:13:40.142Z] ITEM: "2026-04-02.md" | isFolder: false | path: "memory/2026-04-02.md"
[2026-05-02T19:13:40.143Z] ITEM: "2026-04-03-dashboard-error.md" | isFolder: false | path: "memory/2026-04-03-dashboard-error.md"
[2026-05-02T19:13:40.143Z] ITEM: "2026-04-03.md" | isFolder: false | path: "memory/2026-04-03.md"
[2026-05-02T19:13:40.143Z] ITEM: "2026-04-04-build-error.md" | isFolder: false | path: "memory/2026-04-04-build-error.md"
[2026-05-02T19:13:40.144Z] ITEM: "2026-04-04.md" | isFolder: false | path: "memory/2026-04-04.md"
[2026-05-02T19:13:40.144Z] ITEM: "2026-04-05.md" | isFolder: false | path: "memory/2026-04-05.md"
[2026-05-02T19:13:40.145Z] ITEM: "2026-04-06.md" | isFolder: false | path: "memory/2026-04-06.md"
[2026-05-02T19:13:40.145Z] ITEM: "2026-04-07.md" | isFolder: false | path: "memory/2026-04-07.md"
[2026-05-02T19:13:40.145Z] ITEM: "2026-04-08.md" | isFolder: false | path: "memory/2026-04-08.md"
[2026-05-02T19:13:40.146Z] ITEM: "2026-04-09.md" | isFolder: false | path: "memory/2026-04-09.md"
[2026-05-02T19:13:40.146Z] ITEM: "2026-04-10-new-haven-exhibition.md" | isFolder: false | path: "memory/2026-04-10-new-haven-exhibition.md"
[2026-05-02T19:13:40.147Z] ITEM: "2026-04-10.md" | isFolder: false | path: "memory/2026-04-10.md"
[2026-05-02T19:13:40.147Z] ITEM: "2026-04-11.md" | isFolder: false | path: "memory/2026-04-11.md"
[2026-05-02T19:13:40.148Z] ITEM: "2026-04-12.md" | isFolder: false | path: "memory/2026-04-12.md"
[2026-05-02T19:13:40.148Z] ITEM: "2026-04-13.md" | isFolder: false | path: "memory/2026-04-13.md"
[2026-05-02T19:13:40.148Z] ITEM: "2026-04-14.md" | isFolder: false | path: "memory/2026-04-14.md"
[2026-05-02T19:13:40.149Z] ITEM: "2026-04-15.md" | isFolder: false | path: "memory/2026-04-15.md"
[2026-05-02T19:13:40.149Z] ITEM: "2026-04-16.md" | isFolder: false | path: "memory/2026-04-16.md"
[2026-05-02T19:13:40.150Z] ITEM: "2026-04-17-1356.md" | isFolder: false | path: "memory/2026-04-17-1356.md"
[2026-05-02T19:13:40.150Z] ITEM: "2026-04-17-2329.md" | isFolder: false | path: "memory/2026-04-17-2329.md"
[2026-05-02T19:13:40.150Z] ITEM: "2026-04-17.md" | isFolder: false | path: "memory/2026-04-17.md"
[2026-05-02T19:13:40.151Z] ITEM: "2026-04-18.md" | isFolder: false | path: "memory/2026-04-18.md"
[2026-05-02T19:13:40.151Z] ITEM: "2026-04-19.md" | isFolder: false | path: "memory/2026-04-19.md"
[2026-05-02T19:13:40.152Z] ITEM: "2026-04-20.md" | isFolder: false | path: "memory/2026-04-20.md"
[2026-05-02T19:13:40.152Z] ITEM: "2026-04-21.md" | isFolder: false | path: "memory/2026-04-21.md"
[2026-05-02T19:13:40.153Z] ITEM: "2026-04-22.md" | isFolder: false | path: "memory/2026-04-22.md"
[2026-05-02T19:13:40.153Z] ITEM: "2026-04-23.md" | isFolder: false | path: "memory/2026-04-23.md"
[2026-05-02T19:13:40.153Z] ITEM: "2026-04-24.md" | isFolder: false | path: "memory/2026-04-24.md"
[2026-05-02T19:13:40.154Z] ITEM: "2026-04-25.md" | isFolder: false | path: "memory/2026-04-25.md"
[2026-05-02T19:13:40.154Z] ITEM: "2026-04-26.md" | isFolder: false | path: "memory/2026-04-26.md"
[2026-05-02T19:13:40.154Z] ITEM: "2026-04-27.md" | isFolder: false | path: "memory/2026-04-27.md"
[2026-05-02T19:13:40.155Z] ITEM: "2026-04-28.md" | isFolder: false | path: "memory/2026-04-28.md"
[2026-05-02T19:13:40.155Z] ITEM: "2026-04-29.md" | isFolder: false | path: "memory/2026-04-29.md"
[2026-05-02T19:13:40.156Z] ITEM: "2026-04-30.md" | isFolder: false | path: "memory/2026-04-30.md"
[2026-05-02T19:13:40.156Z] ITEM: "2026-05-01.md" | isFolder: false | path: "memory/2026-05-01.md"
[2026-05-02T19:13:40.156Z] ITEM: "2026-05-02.md" | isFolder: false | path: "memory/2026-05-02.md"
[2026-05-02T19:13:40.157Z] ITEM: "heartbeat-state.json" | isFolder: false | path: "memory/heartbeat-state.json"
[2026-05-02T19:13:40.157Z] ITEM: "morning_kickoff_report_2026-04-24.md" | isFolder: false | path: "memory/morning_kickoff_report_2026-04-24.md"
[2026-05-02T19:13:40.158Z] ITEM: "morning_kickoff_report_2026-04-28.md" | isFolder: false | path: "memory/morning_kickoff_report_2026-04-28.md"
[2026-05-02T19:13:40.158Z] ITEM: "morning_kickoff_report_2026-04-29.md" | isFolder: false | path: "memory/morning_kickoff_report_2026-04-29.md"
[2026-05-02T19:13:40.158Z] ITEM: "morning_kickoff_report_2026-04-30.md" | isFolder: false | path: "memory/morning_kickoff_report_2026-04-30.md"
[2026-05-02T19:13:40.159Z] ITEM: "morning_kickoff_report_2026-05-02.md" | isFolder: false | path: "memory/morning_kickoff_report_2026-05-02.md"
[2026-05-02T19:13:42.110Z] LIST: "/"
[2026-05-02T19:13:43.674Z] LIST: "/docs"
[2026-05-02T19:13:43.675Z] ABSOLUTE: "C:\Users\tberg\.openclaw\workspace\docs"
[2026-05-02T19:13:43.675Z] FOUND: 10 items
[2026-05-02T19:13:43.676Z] ITEM: "concepts" | isFolder: true | path: "docs/concepts"
[2026-05-02T19:13:43.676Z] ITEM: "index.md" | isFolder: false | path: "docs/index.md"
[2026-05-02T19:13:43.677Z] ITEM: "lessons" | isFolder: true | path: "docs/lessons"
[2026-05-02T19:13:43.677Z] ITEM: "log.md" | isFolder: false | path: "docs/log.md"
[2026-05-02T19:13:43.678Z] ITEM: "Nightly-Log.md" | isFolder: false | path: "docs/Nightly-Log.md"
[2026-05-02T19:13:43.678Z] ITEM: "notes" | isFolder: true | path: "docs/notes"
[2026-05-02T19:13:43.678Z] ITEM: "openclaw" | isFolder: true | path: "docs/openclaw"
[2026-05-02T19:13:43.679Z] ITEM: "projects" | isFolder: true | path: "docs/projects"
[2026-05-02T19:13:43.679Z] ITEM: "topics" | isFolder: true | path: "docs/topics"
[2026-05-02T19:13:43.680Z] ITEM: "Wiki-Guide.md" | isFolder: false | path: "docs/Wiki-Guide.md"
[2026-05-02T19:13:45.110Z] LIST: "/docs/lessons"
[2026-05-02T19:13:45.111Z] ABSOLUTE: "C:\Users\tberg\.openclaw\workspace\docs\lessons"
[2026-05-02T19:13:45.111Z] FOUND: 1 items
[2026-05-02T19:13:45.112Z] ITEM: "lessons.md" | isFolder: false | path: "docs/lessons/lessons.md"
[2026-05-02T19:13:47.036Z] READ: "docs/lessons/lessons.md"
[2026-05-02T19:13:47.036Z] ABSOLUTE: "C:\Users\tberg\.openclaw\workspace\docs\lessons\lessons.md"
[2026-05-02T19:13:47.037Z] READ OK: 2565 bytes
[2026-05-02T19:16:50.199Z] LIST: "/docs"
[2026-05-02T19:16:50.200Z] ABSOLUTE: "C:\Users\tberg\.openclaw\workspace\docs"
[2026-05-02T19:16:50.200Z] FOUND: 10 items
[2026-05-02T19:16:50.201Z] ITEM: "concepts" | isFolder: true | path: "docs/concepts"
[2026-05-02T19:16:50.201Z] ITEM: "index.md" | isFolder: false | path: "docs/index.md"
[2026-05-02T19:16:50.202Z] ITEM: "lessons" | isFolder: true | path: "docs/lessons"
[2026-05-02T19:16:50.202Z] ITEM: "log.md" | isFolder: false | path: "docs/log.md"
[2026-05-02T19:16:50.203Z] ITEM: "Nightly-Log.md" | isFolder: false | path: "docs/Nightly-Log.md"
[2026-05-02T19:16:50.203Z] ITEM: "notes" | isFolder: true | path: "docs/notes"
[2026-05-02T19:16:50.203Z] ITEM: "openclaw" | isFolder: true | path: "docs/openclaw"
[2026-05-02T19:16:50.204Z] ITEM: "projects" | isFolder: true | path: "docs/projects"
[2026-05-02T19:16:50.204Z] ITEM: "topics" | isFolder: true | path: "docs/topics"
[2026-05-02T19:16:50.205Z] ITEM: "Wiki-Guide.md" | isFolder: false | path: "docs/Wiki-Guide.md"
[2026-05-02T19:17:23.912Z] LIST: "/docs/openclaw"
[2026-05-02T19:17:23.913Z] ABSOLUTE: "C:\Users\tberg\.openclaw\workspace\docs\openclaw"
[2026-05-02T19:17:23.913Z] FOUND: 6 items
[2026-05-02T19:17:23.914Z] ITEM: "agent_architecture.md" | isFolder: false | path: "docs/openclaw/agent_architecture.md"
[2026-05-02T19:17:23.914Z] ITEM: "embedding_and_browser_troubleshooting.md" | isFolder: false | path: "docs/openclaw/embedding_and_browser_troubleshooting.md"
[2026-05-02T19:17:23.914Z] ITEM: "housekeeper_agent.md" | isFolder: false | path: "docs/openclaw/housekeeper_agent.md"
[2026-05-02T19:17:23.915Z] ITEM: "mem0 Embedding-Ollama.md" | isFolder: false | path: "docs/openclaw/mem0 Embedding-Ollama.md"
[2026-05-02T19:17:23.915Z] ITEM: "Self-Healing OpenClaw with LLM.txt" | isFolder: false | path: "docs/openclaw/Self-Healing OpenClaw with LLM.txt"
[2026-05-02T19:17:23.916Z] ITEM: "spec_template.md" | isFolder: false | path: "docs/openclaw/spec_template.md"
[2026-05-02T19:17:37.280Z] READ: "docs/openclaw/agent_architecture.md"
[2026-05-02T19:17:37.281Z] ABSOLUTE: "C:\Users\tberg\.openclaw\workspace\docs\openclaw\agent_architecture.md"
[2026-05-02T19:17:37.285Z] READ OK: 4789 bytes
[2026-05-02T19:17:51.053Z] LIST: "/"
[2026-05-02T19:17:51.113Z] LIST: "/docs/openclaw"
[2026-05-02T19:17:51.114Z] ABSOLUTE: "C:\Users\tberg\.openclaw\workspace\docs\openclaw"
[2026-05-02T19:17:51.115Z] FOUND: 6 items
[2026-05-02T19:17:51.115Z] ITEM: "agent_architecture.md" | isFolder: false | path: "docs/openclaw/agent_architecture.md"
[2026-05-02T19:17:51.116Z] ITEM: "embedding_and_browser_troubleshooting.md" | isFolder: false | path: "docs/openclaw/embedding_and_browser_troubleshooting.md"
[2026-05-02T19:17:51.116Z] ITEM: "housekeeper_agent.md" | isFolder: false | path: "docs/openclaw/housekeeper_agent.md"
[2026-05-02T19:17:51.116Z] ITEM: "mem0 Embedding-Ollama.md" | isFolder: false | path: "docs/openclaw/mem0 Embedding-Ollama.md"
[2026-05-02T19:17:51.117Z] ITEM: "Self-Healing OpenClaw with LLM.txt" | isFolder: false | path: "docs/openclaw/Self-Healing OpenClaw with LLM.txt"
[2026-05-02T19:17:51.117Z] ITEM: "spec_template.md" | isFolder: false | path: "docs/openclaw/spec_template.md"
[2026-05-02T19:17:55.420Z] LIST: "/docs"
[2026-05-02T19:17:55.421Z] ABSOLUTE: "C:\Users\tberg\.openclaw\workspace\docs"
[2026-05-02T19:17:55.421Z] FOUND: 10 items
[2026-05-02T19:17:55.422Z] ITEM: "concepts" | isFolder: true | path: "docs/concepts"
[2026-05-02T19:17:55.422Z] ITEM: "index.md" | isFolder: false | path: "docs/index.md"
[2026-05-02T19:17:55.422Z] ITEM: "lessons" | isFolder: true | path: "docs/lessons"
[2026-05-02T19:17:55.423Z] ITEM: "log.md" | isFolder: false | path: "docs/log.md"
[2026-05-02T19:17:55.423Z] ITEM: "Nightly-Log.md" | isFolder: false | path: "docs/Nightly-Log.md"
[2026-05-02T19:17:55.423Z] ITEM: "notes" | isFolder: true | path: "docs/notes"
[2026-05-02T19:17:55.424Z] ITEM: "openclaw" | isFolder: true | path: "docs/openclaw"
[2026-05-02T19:17:55.424Z] ITEM: "projects" | isFolder: true | path: "docs/projects"
[2026-05-02T19:17:55.425Z] ITEM: "topics" | isFolder: true | path: "docs/topics"
[2026-05-02T19:17:55.425Z] ITEM: "Wiki-Guide.md" | isFolder: false | path: "docs/Wiki-Guide.md"
[2026-05-02T19:17:57.143Z] LIST: "/docs/concepts"
[2026-05-02T19:17:57.144Z] ABSOLUTE: "C:\Users\tberg\.openclaw\workspace\docs\concepts"
[2026-05-02T19:17:57.144Z] FOUND: 2 items
[2026-05-02T19:17:57.145Z] ITEM: "self-healing feedback loop" | isFolder: false | path: "docs/concepts/self-healing feedback loop"
[2026-05-02T19:17:57.145Z] ITEM: "WIKI" | isFolder: false | path: "docs/concepts/WIKI"
[2026-05-02T19:18:00.656Z] LIST: "/docs/openclaw"
[2026-05-02T19:18:00.657Z] ABSOLUTE: "C:\Users\tberg\.openclaw\workspace\docs\openclaw"
[2026-05-02T19:18:00.657Z] FOUND: 5 items
[2026-05-02T19:18:00.658Z] ITEM: "embedding_and_browser_troubleshooting.md" | isFolder: false | path: "docs/openclaw/embedding_and_browser_troubleshooting.md"
[2026-05-02T19:18:00.658Z] ITEM: "housekeeper_agent.md" | isFolder: false | path: "docs/openclaw/housekeeper_agent.md"
[2026-05-02T19:18:00.659Z] ITEM: "mem0 Embedding-Ollama.md" | isFolder: false | path: "docs/openclaw/mem0 Embedding-Ollama.md"
[2026-05-02T19:18:00.659Z] ITEM: "Self-Healing OpenClaw with LLM.txt" | isFolder: false | path: "docs/openclaw/Self-Healing OpenClaw with LLM.txt"
[2026-05-02T19:18:00.659Z] ITEM: "spec_template.md" | isFolder: false | path: "docs/openclaw/spec_template.md"
[2026-05-02T19:18:13.154Z] LIST: "/docs/concepts"
[2026-05-02T19:18:13.154Z] ABSOLUTE: "C:\Users\tberg\.openclaw\workspace\docs\concepts"
[2026-05-02T19:18:13.155Z] FOUND: 3 items
[2026-05-02T19:18:13.155Z] ITEM: "agent_architecture.md" | isFolder: false | path: "docs/concepts/agent_architecture.md"
[2026-05-02T19:18:13.156Z] ITEM: "self-healing feedback loop" | isFolder: false | path: "docs/concepts/self-healing feedback loop"
[2026-05-02T19:18:13.156Z] ITEM: "WIKI" | isFolder: false | path: "docs/concepts/WIKI"
[2026-05-02T19:18:13.177Z] LIST: "/docs/openclaw"
[2026-05-02T19:18:13.177Z] ABSOLUTE: "C:\Users\tberg\.openclaw\workspace\docs\openclaw"
[2026-05-02T19:18:13.178Z] FOUND: 5 items
[2026-05-02T19:18:13.178Z] ITEM: "embedding_and_browser_troubleshooting.md" | isFolder: false | path: "docs/openclaw/embedding_and_browser_troubleshooting.md"
[2026-05-02T19:18:13.179Z] ITEM: "housekeeper_agent.md" | isFolder: false | path: "docs/openclaw/housekeeper_agent.md"
[2026-05-02T19:18:13.180Z] ITEM: "mem0 Embedding-Ollama.md" | isFolder: false | path: "docs/openclaw/mem0 Embedding-Ollama.md"
[2026-05-02T19:18:13.180Z] ITEM: "Self-Healing OpenClaw with LLM.txt" | isFolder: false | path: "docs/openclaw/Self-Healing OpenClaw with LLM.txt"
[2026-05-02T19:18:13.181Z] ITEM: "spec_template.md" | isFolder: false | path: "docs/openclaw/spec_template.md"
[2026-05-02T19:18:17.398Z] LIST: "/docs"
[2026-05-02T19:18:17.398Z] ABSOLUTE: "C:\Users\tberg\.openclaw\workspace\docs"
[2026-05-02T19:18:17.399Z] FOUND: 10 items
[2026-05-02T19:18:17.399Z] ITEM: "concepts" | isFolder: true | path: "docs/concepts"
[2026-05-02T19:18:17.399Z] ITEM: "index.md" | isFolder: false | path: "docs/index.md"
[2026-05-02T19:18:17.400Z] ITEM: "lessons" | isFolder: true | path: "docs/lessons"
[2026-05-02T19:18:17.400Z] ITEM: "log.md" | isFolder: false | path: "docs/log.md"
[2026-05-02T19:18:17.401Z] ITEM: "Nightly-Log.md" | isFolder: false | path: "docs/Nightly-Log.md"
[2026-05-02T19:18:17.401Z] ITEM: "notes" | isFolder: true | path: "docs/notes"
[2026-05-02T19:18:17.401Z] ITEM: "openclaw" | isFolder: true | path: "docs/openclaw"
[2026-05-02T19:18:17.402Z] ITEM: "projects" | isFolder: true | path: "docs/projects"
[2026-05-02T19:18:17.402Z] ITEM: "topics" | isFolder: true | path: "docs/topics"
[2026-05-02T19:18:17.403Z] ITEM: "Wiki-Guide.md" | isFolder: false | path: "docs/Wiki-Guide.md"
[2026-05-02T19:18:18.824Z] LIST: "/docs/concepts"
[2026-05-02T19:18:18.825Z] ABSOLUTE: "C:\Users\tberg\.openclaw\workspace\docs\concepts"
[2026-05-02T19:18:18.825Z] FOUND: 3 items
[2026-05-02T19:18:18.826Z] ITEM: "agent_architecture.md" | isFolder: false | path: "docs/concepts/agent_architecture.md"
[2026-05-02T19:18:18.826Z] ITEM: "self-healing feedback loop" | isFolder: false | path: "docs/concepts/self-healing feedback loop"
[2026-05-02T19:18:18.826Z] ITEM: "WIKI" | isFolder: false | path: "docs/concepts/WIKI"
[2026-05-02T19:18:20.348Z] LIST: "/docs/openclaw"
[2026-05-02T19:18:20.348Z] ABSOLUTE: "C:\Users\tberg\.openclaw\workspace\docs\openclaw"
[2026-05-02T19:18:20.349Z] FOUND: 4 items
[2026-05-02T19:18:20.349Z] ITEM: "embedding_and_browser_troubleshooting.md" | isFolder: false | path: "docs/openclaw/embedding_and_browser_troubleshooting.md"
[2026-05-02T19:18:20.350Z] ITEM: "housekeeper_agent.md" | isFolder: false | path: "docs/openclaw/housekeeper_agent.md"
[2026-05-02T19:18:20.350Z] ITEM: "mem0 Embedding-Ollama.md" | isFolder: false | path: "docs/openclaw/mem0 Embedding-Ollama.md"
[2026-05-02T19:18:20.351Z] ITEM: "spec_template.md" | isFolder: false | path: "docs/openclaw/spec_template.md"
[2026-05-02T19:18:27.368Z] LIST: "/docs"
[2026-05-02T19:18:27.369Z] ABSOLUTE: "C:\Users\tberg\.openclaw\workspace\docs"
[2026-05-02T19:18:27.369Z] FOUND: 10 items
[2026-05-02T19:18:27.370Z] ITEM: "concepts" | isFolder: true | path: "docs/concepts"
[2026-05-02T19:18:27.370Z] ITEM: "index.md" | isFolder: false | path: "docs/index.md"
[2026-05-02T19:18:27.371Z] ITEM: "lessons" | isFolder: true | path: "docs/lessons"
[2026-05-02T19:18:27.371Z] ITEM: "log.md" | isFolder: false | path: "docs/log.md"
[2026-05-02T19:18:27.371Z] ITEM: "Nightly-Log.md" | isFolder: false | path: "docs/Nightly-Log.md"
[2026-05-02T19:18:27.372Z] ITEM: "notes" | isFolder: true | path: "docs/notes"
[2026-05-02T19:18:27.372Z] ITEM: "openclaw" | isFolder: true | path: "docs/openclaw"
[2026-05-02T19:18:27.373Z] ITEM: "projects" | isFolder: true | path: "docs/projects"
[2026-05-02T19:18:27.373Z] ITEM: "topics" | isFolder: true | path: "docs/topics"
[2026-05-02T19:18:27.373Z] ITEM: "Wiki-Guide.md" | isFolder: false | path: "docs/Wiki-Guide.md"
[2026-05-02T19:18:29.709Z] LIST: "/docs/concepts"
[2026-05-02T19:18:29.709Z] ABSOLUTE: "C:\Users\tberg\.openclaw\workspace\docs\concepts"
[2026-05-02T19:18:29.710Z] FOUND: 4 items
[2026-05-02T19:18:29.710Z] ITEM: "agent_architecture.md" | isFolder: false | path: "docs/concepts/agent_architecture.md"
[2026-05-02T19:18:29.711Z] ITEM: "self-healing feedback loop" | isFolder: false | path: "docs/concepts/self-healing feedback loop"
[2026-05-02T19:18:29.711Z] ITEM: "Self-Healing OpenClaw with LLM.txt" | isFolder: false | path: "docs/concepts/Self-Healing OpenClaw with LLM.txt"
[2026-05-02T19:18:29.711Z] ITEM: "WIKI" | isFolder: false | path: "docs/concepts/WIKI"
[2026-05-02T19:18:42.252Z] LIST: "/docs/concepts"
[2026-05-02T19:18:42.252Z] ABSOLUTE: "C:\Users\tberg\.openclaw\workspace\docs\concepts"
[2026-05-02T19:18:42.253Z] FOUND: 4 items
[2026-05-02T19:18:42.253Z] ITEM: "agent_architecture.md" | isFolder: false | path: "docs/concepts/agent_architecture.md"
[2026-05-02T19:18:42.254Z] ITEM: "self-healing feedback loop" | isFolder: false | path: "docs/concepts/self-healing feedback loop"
[2026-05-02T19:18:42.254Z] ITEM: "Self-Healing OpenClaw with LLM.txt" | isFolder: false | path: "docs/concepts/Self-Healing OpenClaw with LLM.txt"
[2026-05-02T19:18:42.254Z] ITEM: "WIKI" | isFolder: false | path: "docs/concepts/WIKI"
[2026-05-02T19:18:47.491Z] READ: "docs/concepts/self-healing feedback loop"
[2026-05-02T19:18:47.491Z] ABSOLUTE: "C:\Users\tberg\.openclaw\workspace\docs\concepts\self-healing feedback loop"
[2026-05-02T19:18:47.492Z] READ OK: 1044 bytes
[2026-05-02T19:18:50.622Z] READ: "docs/concepts/Self-Healing OpenClaw with LLM.txt"
[2026-05-02T19:18:50.623Z] ABSOLUTE: "C:\Users\tberg\.openclaw\workspace\docs\concepts\Self-Healing OpenClaw with LLM.txt"
[2026-05-02T19:18:50.623Z] READ OK: 4558 bytes
[2026-05-02T19:18:59.234Z] LIST: "/docs/concepts"
[2026-05-02T19:18:59.235Z] ABSOLUTE: "C:\Users\tberg\.openclaw\workspace\docs\concepts"
[2026-05-02T19:18:59.235Z] FOUND: 3 items
[2026-05-02T19:18:59.236Z] ITEM: "agent_architecture.md" | isFolder: false | path: "docs/concepts/agent_architecture.md"
[2026-05-02T19:18:59.236Z] ITEM: "self-healing feedback loop" | isFolder: false | path: "docs/concepts/self-healing feedback loop"
[2026-05-02T19:18:59.237Z] ITEM: "WIKI" | isFolder: false | path: "docs/concepts/WIKI"
[2026-05-02T19:19:06.146Z] LIST: "/docs"
[2026-05-02T19:19:06.147Z] ABSOLUTE: "C:\Users\tberg\.openclaw\workspace\docs"
[2026-05-02T19:19:06.147Z] FOUND: 10 items
[2026-05-02T19:19:06.148Z] ITEM: "concepts" | isFolder: true | path: "docs/concepts"
[2026-05-02T19:19:06.148Z] ITEM: "index.md" | isFolder: false | path: "docs/index.md"
[2026-05-02T19:19:06.149Z] ITEM: "lessons" | isFolder: true | path: "docs/lessons"
[2026-05-02T19:19:06.149Z] ITEM: "log.md" | isFolder: false | path: "docs/log.md"
[2026-05-02T19:19:06.149Z] ITEM: "Nightly-Log.md" | isFolder: false | path: "docs/Nightly-Log.md"
[2026-05-02T19:19:06.150Z] ITEM: "notes" | isFolder: true | path: "docs/notes"
[2026-05-02T19:19:06.150Z] ITEM: "openclaw" | isFolder: true | path: "docs/openclaw"
[2026-05-02T19:19:06.151Z] ITEM: "projects" | isFolder: true | path: "docs/projects"
[2026-05-02T19:19:06.151Z] ITEM: "topics" | isFolder: true | path: "docs/topics"
[2026-05-02T19:19:06.151Z] ITEM: "Wiki-Guide.md" | isFolder: false | path: "docs/Wiki-Guide.md"
[2026-05-02T19:19:10.254Z] LIST: "/docs/lessons"
[2026-05-02T19:19:10.255Z] ABSOLUTE: "C:\Users\tberg\.openclaw\workspace\docs\lessons"
[2026-05-02T19:19:10.255Z] FOUND: 1 items
[2026-05-02T19:19:10.256Z] ITEM: "lessons.md" | isFolder: false | path: "docs/lessons/lessons.md"
[2026-05-02T19:19:11.979Z] LIST: "/docs"
[2026-05-02T19:19:11.979Z] ABSOLUTE: "C:\Users\tberg\.openclaw\workspace\docs"
[2026-05-02T19:19:11.980Z] FOUND: 10 items
[2026-05-02T19:19:11.980Z] ITEM: "concepts" | isFolder: true | path: "docs/concepts"
[2026-05-02T19:19:11.980Z] ITEM: "index.md" | isFolder: false | path: "docs/index.md"
[2026-05-02T19:19:11.981Z] ITEM: "lessons" | isFolder: true | path: "docs/lessons"
[2026-05-02T19:19:11.982Z] ITEM: "log.md" | isFolder: false | path: "docs/log.md"
[2026-05-02T19:19:11.982Z] ITEM: "Nightly-Log.md" | isFolder: false | path: "docs/Nightly-Log.md"
[2026-05-02T19:19:11.982Z] ITEM: "notes" | isFolder: true | path: "docs/notes"
[2026-05-02T19:19:11.983Z] ITEM: "openclaw" | isFolder: true | path: "docs/openclaw"
[2026-05-02T19:19:11.983Z] ITEM: "projects" | isFolder: true | path: "docs/projects"
[2026-05-02T19:19:11.984Z] ITEM: "topics" | isFolder: true | path: "docs/topics"
[2026-05-02T19:19:11.984Z] ITEM: "Wiki-Guide.md" | isFolder: false | path: "docs/Wiki-Guide.md"
[2026-05-02T19:19:13.653Z] LIST: "/docs/notes"
[2026-05-02T19:19:13.653Z] ABSOLUTE: "C:\Users\tberg\.openclaw\workspace\docs\notes"
[2026-05-02T19:19:13.654Z] FOUND: 0 items
[2026-05-02T19:19:15.507Z] LIST: "/docs"
[2026-05-02T19:19:15.507Z] ABSOLUTE: "C:\Users\tberg\.openclaw\workspace\docs"
[2026-05-02T19:19:15.508Z] FOUND: 10 items
[2026-05-02T19:19:15.508Z] ITEM: "concepts" | isFolder: true | path: "docs/concepts"
[2026-05-02T19:19:15.508Z] ITEM: "index.md" | isFolder: false | path: "docs/index.md"
[2026-05-02T19:19:15.509Z] ITEM: "lessons" | isFolder: true | path: "docs/lessons"
[2026-05-02T19:19:15.509Z] ITEM: "log.md" | isFolder: false | path: "docs/log.md"
[2026-05-02T19:19:15.510Z] ITEM: "Nightly-Log.md" | isFolder: false | path: "docs/Nightly-Log.md"
[2026-05-02T19:19:15.510Z] ITEM: "notes" | isFolder: true | path: "docs/notes"
[2026-05-02T19:19:15.510Z] ITEM: "openclaw" | isFolder: true | path: "docs/openclaw"
[2026-05-02T19:19:15.511Z] ITEM: "projects" | isFolder: true | path: "docs/projects"
[2026-05-02T19:19:15.511Z] ITEM: "topics" | isFolder: true | path: "docs/topics"
[2026-05-02T19:19:15.511Z] ITEM: "Wiki-Guide.md" | isFolder: false | path: "docs/Wiki-Guide.md"
[2026-05-02T19:19:24.123Z] LIST: "/docs"
[2026-05-02T19:19:24.123Z] ABSOLUTE: "C:\Users\tberg\.openclaw\workspace\docs"
[2026-05-02T19:19:24.124Z] FOUND: 9 items
[2026-05-02T19:19:24.124Z] ITEM: "concepts" | isFolder: true | path: "docs/concepts"
[2026-05-02T19:19:24.125Z] ITEM: "index.md" | isFolder: false | path: "docs/index.md"
[2026-05-02T19:19:24.125Z] ITEM: "lessons" | isFolder: true | path: "docs/lessons"
[2026-05-02T19:19:24.126Z] ITEM: "log.md" | isFolder: false | path: "docs/log.md"
[2026-05-02T19:19:24.126Z] ITEM: "Nightly-Log.md" | isFolder: false | path: "docs/Nightly-Log.md"
[2026-05-02T19:19:24.126Z] ITEM: "openclaw" | isFolder: true | path: "docs/openclaw"
[2026-05-02T19:19:24.127Z] ITEM: "projects" | isFolder: true | path: "docs/projects"
[2026-05-02T19:19:24.127Z] ITEM: "topics" | isFolder: true | path: "docs/topics"
[2026-05-02T19:19:24.128Z] ITEM: "Wiki-Guide.md" | isFolder: false | path: "docs/Wiki-Guide.md"
[2026-05-02T19:19:31.382Z] LIST: "/docs/topics"
[2026-05-02T19:19:31.383Z] ABSOLUTE: "C:\Users\tberg\.openclaw\workspace\docs\topics"
[2026-05-02T19:19:31.383Z] FOUND: 9 items
[2026-05-02T19:19:31.384Z] ITEM: "conversation-summary" | isFolder: true | path: "docs/topics/conversation-summary"
[2026-05-02T19:19:31.384Z] ITEM: "evening-wrap-up" | isFolder: true | path: "docs/topics/evening-wrap-up"
[2026-05-02T19:19:31.385Z] ITEM: "future-development" | isFolder: true | path: "docs/topics/future-development"
[2026-05-02T19:19:31.385Z] ITEM: "gateway-instability-and-model-failures" | isFolder: true | path: "docs/topics/gateway-instability-and-model-failures"
[2026-05-02T19:19:31.385Z] ITEM: "general" | isFolder: true | path: "docs/topics/general"
[2026-05-02T19:19:31.386Z] ITEM: "march-20th-2026-daily-log" | isFolder: true | path: "docs/topics/march-20th-2026-daily-log"
[2026-05-02T19:19:31.386Z] ITEM: "memory-flush-2026-04-10" | isFolder: true | path: "docs/topics/memory-flush-2026-04-10"
[2026-05-02T19:19:31.386Z] ITEM: "memory-search-issue-resolution" | isFolder: true | path: "docs/topics/memory-search-issue-resolution"
[2026-05-02T19:19:31.387Z] ITEM: "mission-control-ui-session-9-00-9-37-am" | isFolder: true | path: "docs/topics/mission-control-ui-session-9-00-9-37-am"
[2026-05-02T19:19:35.431Z] LIST: "/docs/topics/future-development"
[2026-05-02T19:19:35.432Z] ABSOLUTE: "C:\Users\tberg\.openclaw\workspace\docs\topics\future-development"
[2026-05-02T19:19:35.432Z] FOUND: 1 items
[2026-05-02T19:19:35.433Z] ITEM: "2026-03-25-summary.md" | isFolder: false | path: "docs/topics/future-development/2026-03-25-summary.md"
[2026-05-02T19:19:39.785Z] READ: "docs/topics/future-development/2026-03-25-summary.md"
[2026-05-02T19:19:39.785Z] ABSOLUTE: "C:\Users\tberg\.openclaw\workspace\docs\topics\future-development\2026-03-25-summary.md"
[2026-05-02T19:19:39.786Z] READ OK: 286 bytes
[2026-05-02T19:20:29.291Z] LIST: "/"
[2026-05-02T19:20:30.980Z] LIST: "/docs"
[2026-05-02T19:20:30.981Z] ABSOLUTE: "C:\Users\tberg\.openclaw\workspace\docs"
[2026-05-02T19:20:30.981Z] FOUND: 9 items
[2026-05-02T19:20:30.982Z] ITEM: "concepts" | isFolder: true | path: "docs/concepts"
[2026-05-02T19:20:30.982Z] ITEM: "index.md" | isFolder: false | path: "docs/index.md"
[2026-05-02T19:20:30.982Z] ITEM: "lessons" | isFolder: true | path: "docs/lessons"
[2026-05-02T19:20:30.983Z] ITEM: "log.md" | isFolder: false | path: "docs/log.md"
[2026-05-02T19:20:30.983Z] ITEM: "Nightly-Log.md" | isFolder: false | path: "docs/Nightly-Log.md"
[2026-05-02T19:20:30.984Z] ITEM: "openclaw" | isFolder: true | path: "docs/openclaw"
[2026-05-02T19:20:30.984Z] ITEM: "projects" | isFolder: true | path: "docs/projects"
[2026-05-02T19:20:30.984Z] ITEM: "topics" | isFolder: true | path: "docs/topics"
[2026-05-02T19:20:30.985Z] ITEM: "Wiki-Guide.md" | isFolder: false | path: "docs/Wiki-Guide.md"
[2026-05-02T19:20:35.386Z] LIST: "/docs/topics"
[2026-05-02T19:20:35.386Z] ABSOLUTE: "C:\Users\tberg\.openclaw\workspace\docs\topics"
[2026-05-02T19:20:35.387Z] FOUND: 9 items
[2026-05-02T19:20:35.387Z] ITEM: "conversation-summary" | isFolder: true | path: "docs/topics/conversation-summary"
[2026-05-02T19:20:35.388Z] ITEM: "evening-wrap-up" | isFolder: true | path: "docs/topics/evening-wrap-up"
[2026-05-02T19:20:35.388Z] ITEM: "future-development" | isFolder: true | path: "docs/topics/future-development"
[2026-05-02T19:20:35.388Z] ITEM: "gateway-instability-and-model-failures" | isFolder: true | path: "docs/topics/gateway-instability-and-model-failures"
[2026-05-02T19:20:35.389Z] ITEM: "general" | isFolder: true | path: "docs/topics/general"
[2026-05-02T19:20:35.389Z] ITEM: "march-20th-2026-daily-log" | isFolder: true | path: "docs/topics/march-20th-2026-daily-log"
[2026-05-02T19:20:35.390Z] ITEM: "memory-flush-2026-04-10" | isFolder: true | path: "docs/topics/memory-flush-2026-04-10"
[2026-05-02T19:20:35.390Z] ITEM: "memory-search-issue-resolution" | isFolder: true | path: "docs/topics/memory-search-issue-resolution"
[2026-05-02T19:20:35.390Z] ITEM: "mission-control-ui-session-9-00-9-37-am" | isFolder: true | path: "docs/topics/mission-control-ui-session-9-00-9-37-am"
[2026-05-02T19:20:39.633Z] LIST: "/docs/topics/future-development"
[2026-05-02T19:20:39.634Z] ABSOLUTE: "C:\Users\tberg\.openclaw\workspace\docs\topics\future-development"
[2026-05-02T19:20:39.634Z] FOUND: 1 items
[2026-05-02T19:20:39.635Z] ITEM: "2026-03-25-summary.md" | isFolder: false | path: "docs/topics/future-development/2026-03-25-summary.md"
[2026-05-02T19:20:47.450Z] LIST: "/docs/topics/future-development"
[2026-05-02T19:20:47.450Z] ABSOLUTE: "C:\Users\tberg\.openclaw\workspace\docs\topics\future-development"
[2026-05-02T19:20:47.451Z] FOUND: 0 items
[2026-05-02T19:20:50.014Z] LIST: "/docs/topics"
[2026-05-02T19:20:50.015Z] ABSOLUTE: "C:\Users\tberg\.openclaw\workspace\docs\topics"
[2026-05-02T19:20:50.015Z] FOUND: 9 items
[2026-05-02T19:20:50.016Z] ITEM: "conversation-summary" | isFolder: true | path: "docs/topics/conversation-summary"
[2026-05-02T19:20:50.016Z] ITEM: "evening-wrap-up" | isFolder: true | path: "docs/topics/evening-wrap-up"
[2026-05-02T19:20:50.017Z] ITEM: "future-development" | isFolder: true | path: "docs/topics/future-development"
[2026-05-02T19:20:50.017Z] ITEM: "gateway-instability-and-model-failures" | isFolder: true | path: "docs/topics/gateway-instability-and-model-failures"
[2026-05-02T19:20:50.017Z] ITEM: "general" | isFolder: true | path: "docs/topics/general"
[2026-05-02T19:20:50.018Z] ITEM: "march-20th-2026-daily-log" | isFolder: true | path: "docs/topics/march-20th-2026-daily-log"
[2026-05-02T19:20:50.018Z] ITEM: "memory-flush-2026-04-10" | isFolder: true | path: "docs/topics/memory-flush-2026-04-10"
[2026-05-02T19:20:50.019Z] ITEM: "memory-search-issue-resolution" | isFolder: true | path: "docs/topics/memory-search-issue-resolution"
[2026-05-02T19:20:50.019Z] ITEM: "mission-control-ui-session-9-00-9-37-am" | isFolder: true | path: "docs/topics/mission-control-ui-session-9-00-9-37-am"
[2026-05-02T19:20:58.737Z] LIST: "/docs/topics"
[2026-05-02T19:20:58.737Z] ABSOLUTE: "C:\Users\tberg\.openclaw\workspace\docs\topics"
[2026-05-02T19:20:58.738Z] FOUND: 8 items
[2026-05-02T19:20:58.738Z] ITEM: "conversation-summary" | isFolder: true | path: "docs/topics/conversation-summary"
[2026-05-02T19:20:58.739Z] ITEM: "evening-wrap-up" | isFolder: true | path: "docs/topics/evening-wrap-up"
[2026-05-02T19:20:58.739Z] ITEM: "gateway-instability-and-model-failures" | isFolder: true | path: "docs/topics/gateway-instability-and-model-failures"
[2026-05-02T19:20:58.739Z] ITEM: "general" | isFolder: true | path: "docs/topics/general"
[2026-05-02T19:20:58.740Z] ITEM: "march-20th-2026-daily-log" | isFolder: true | path: "docs/topics/march-20th-2026-daily-log"
[2026-05-02T19:20:58.740Z] ITEM: "memory-flush-2026-04-10" | isFolder: true | path: "docs/topics/memory-flush-2026-04-10"
[2026-05-02T19:20:58.741Z] ITEM: "memory-search-issue-resolution" | isFolder: true | path: "docs/topics/memory-search-issue-resolution"
[2026-05-02T19:20:58.741Z] ITEM: "mission-control-ui-session-9-00-9-37-am" | isFolder: true | path: "docs/topics/mission-control-ui-session-9-00-9-37-am"
[2026-05-02T19:21:08.188Z] LIST: "/"
[2026-05-02T19:21:08.210Z] LIST: "/docs/topics"
[2026-05-02T19:21:08.211Z] ABSOLUTE: "C:\Users\tberg\.openclaw\workspace\docs\topics"
[2026-05-02T19:21:08.211Z] FOUND: 8 items
[2026-05-02T19:21:08.212Z] ITEM: "conversation-summary" | isFolder: true | path: "docs/topics/conversation-summary"
[2026-05-02T19:21:08.212Z] ITEM: "evening-wrap-up" | isFolder: true | path: "docs/topics/evening-wrap-up"
[2026-05-02T19:21:08.212Z] ITEM: "gateway-instability-and-model-failures" | isFolder: true | path: "docs/topics/gateway-instability-and-model-failures"
[2026-05-02T19:21:08.213Z] ITEM: "general" | isFolder: true | path: "docs/topics/general"
[2026-05-02T19:21:08.213Z] ITEM: "march-20th-2026-daily-log" | isFolder: true | path: "docs/topics/march-20th-2026-daily-log"
[2026-05-02T19:21:08.214Z] ITEM: "memory-flush-2026-04-10" | isFolder: true | path: "docs/topics/memory-flush-2026-04-10"
[2026-05-02T19:21:08.214Z] ITEM: "memory-search-issue-resolution" | isFolder: true | path: "docs/topics/memory-search-issue-resolution"
[2026-05-02T19:21:08.215Z] ITEM: "mission-control-ui-session-9-00-9-37-am" | isFolder: true | path: "docs/topics/mission-control-ui-session-9-00-9-37-am"
[2026-05-02T19:21:15.154Z] LIST: "/docs"
[2026-05-02T19:21:15.155Z] ABSOLUTE: "C:\Users\tberg\.openclaw\workspace\docs"
[2026-05-02T19:21:15.155Z] FOUND: 9 items
[2026-05-02T19:21:15.156Z] ITEM: "concepts" | isFolder: true | path: "docs/concepts"
[2026-05-02T19:21:15.156Z] ITEM: "index.md" | isFolder: false | path: "docs/index.md"
[2026-05-02T19:21:15.157Z] ITEM: "lessons" | isFolder: true | path: "docs/lessons"
[2026-05-02T19:21:15.157Z] ITEM: "log.md" | isFolder: false | path: "docs/log.md"
[2026-05-02T19:21:15.157Z] ITEM: "Nightly-Log.md" | isFolder: false | path: "docs/Nightly-Log.md"
[2026-05-02T19:21:15.158Z] ITEM: "openclaw" | isFolder: true | path: "docs/openclaw"
[2026-05-02T19:21:15.158Z] ITEM: "projects" | isFolder: true | path: "docs/projects"
[2026-05-02T19:21:15.158Z] ITEM: "topics" | isFolder: true | path: "docs/topics"
[2026-05-02T19:21:15.159Z] ITEM: "Wiki-Guide.md" | isFolder: false | path: "docs/Wiki-Guide.md"
[2026-05-02T19:21:17.760Z] LIST: "/docs/openclaw"
[2026-05-02T19:21:17.761Z] ABSOLUTE: "C:\Users\tberg\.openclaw\workspace\docs\openclaw"
[2026-05-02T19:21:17.761Z] FOUND: 4 items
[2026-05-02T19:21:17.762Z] ITEM: "embedding_and_browser_troubleshooting.md" | isFolder: false | path: "docs/openclaw/embedding_and_browser_troubleshooting.md"
[2026-05-02T19:21:17.762Z] ITEM: "housekeeper_agent.md" | isFolder: false | path: "docs/openclaw/housekeeper_agent.md"
[2026-05-02T19:21:17.762Z] ITEM: "mem0 Embedding-Ollama.md" | isFolder: false | path: "docs/openclaw/mem0 Embedding-Ollama.md"
[2026-05-02T19:21:17.763Z] ITEM: "spec_template.md" | isFolder: false | path: "docs/openclaw/spec_template.md"
[2026-05-02T19:21:20.118Z] LIST: "/docs/topics"
[2026-05-02T19:21:20.118Z] ABSOLUTE: "C:\Users\tberg\.openclaw\workspace\docs\topics"
[2026-05-02T19:21:20.119Z] FOUND: 7 items
[2026-05-02T19:21:20.119Z] ITEM: "conversation-summary" | isFolder: true | path: "docs/topics/conversation-summary"
[2026-05-02T19:21:20.120Z] ITEM: "evening-wrap-up" | isFolder: true | path: "docs/topics/evening-wrap-up"
[2026-05-02T19:21:20.120Z] ITEM: "general" | isFolder: true | path: "docs/topics/general"
[2026-05-02T19:21:20.121Z] ITEM: "march-20th-2026-daily-log" | isFolder: true | path: "docs/topics/march-20th-2026-daily-log"
[2026-05-02T19:21:20.121Z] ITEM: "memory-flush-2026-04-10" | isFolder: true | path: "docs/topics/memory-flush-2026-04-10"
[2026-05-02T19:21:20.121Z] ITEM: "memory-search-issue-resolution" | isFolder: true | path: "docs/topics/memory-search-issue-resolution"
[2026-05-02T19:21:20.122Z] ITEM: "mission-control-ui-session-9-00-9-37-am" | isFolder: true | path: "docs/topics/mission-control-ui-session-9-00-9-37-am"
[2026-05-02T19:21:32.368Z] LIST: "/docs/openclaw"
[2026-05-02T19:21:32.369Z] ABSOLUTE: "C:\Users\tberg\.openclaw\workspace\docs\openclaw"
[2026-05-02T19:21:32.369Z] FOUND: 5 items
[2026-05-02T19:21:32.370Z] ITEM: "embedding_and_browser_troubleshooting.md" | isFolder: false | path: "docs/openclaw/embedding_and_browser_troubleshooting.md"
[2026-05-02T19:21:32.370Z] ITEM: "gateway-instability-and-model-failures" | isFolder: true | path: "docs/openclaw/gateway-instability-and-model-failures"
[2026-05-02T19:21:32.371Z] ITEM: "housekeeper_agent.md" | isFolder: false | path: "docs/openclaw/housekeeper_agent.md"
[2026-05-02T19:21:32.371Z] ITEM: "mem0 Embedding-Ollama.md" | isFolder: false | path: "docs/openclaw/mem0 Embedding-Ollama.md"
[2026-05-02T19:21:32.372Z] ITEM: "spec_template.md" | isFolder: false | path: "docs/openclaw/spec_template.md"
[2026-05-02T19:21:32.388Z] LIST: "/docs/topics"
[2026-05-02T19:21:32.388Z] ABSOLUTE: "C:\Users\tberg\.openclaw\workspace\docs\topics"
[2026-05-02T19:21:32.389Z] FOUND: 7 items
[2026-05-02T19:21:32.390Z] ITEM: "conversation-summary" | isFolder: true | path: "docs/topics/conversation-summary"
[2026-05-02T19:21:32.390Z] ITEM: "evening-wrap-up" | isFolder: true | path: "docs/topics/evening-wrap-up"
[2026-05-02T19:21:32.391Z] ITEM: "general" | isFolder: true | path: "docs/topics/general"
[2026-05-02T19:21:32.391Z] ITEM: "march-20th-2026-daily-log" | isFolder: true | path: "docs/topics/march-20th-2026-daily-log"
[2026-05-02T19:21:32.391Z] ITEM: "memory-flush-2026-04-10" | isFolder: true | path: "docs/topics/memory-flush-2026-04-10"
[2026-05-02T19:21:32.392Z] ITEM: "memory-search-issue-resolution" | isFolder: true | path: "docs/topics/memory-search-issue-resolution"
[2026-05-02T19:21:32.392Z] ITEM: "mission-control-ui-session-9-00-9-37-am" | isFolder: true | path: "docs/topics/mission-control-ui-session-9-00-9-37-am"
[2026-05-02T19:21:36.508Z] LIST: "/docs"
[2026-05-02T19:21:36.509Z] ABSOLUTE: "C:\Users\tberg\.openclaw\workspace\docs"
[2026-05-02T19:21:36.509Z] FOUND: 9 items
[2026-05-02T19:21:36.509Z] ITEM: "concepts" | isFolder: true | path: "docs/concepts"
[2026-05-02T19:21:36.510Z] ITEM: "index.md" | isFolder: false | path: "docs/index.md"
[2026-05-02T19:21:36.510Z] ITEM: "lessons" | isFolder: true | path: "docs/lessons"
[2026-05-02T19:21:36.511Z] ITEM: "log.md" | isFolder: false | path: "docs/log.md"
[2026-05-02T19:21:36.511Z] ITEM: "Nightly-Log.md" | isFolder: false | path: "docs/Nightly-Log.md"
[2026-05-02T19:21:36.511Z] ITEM: "openclaw" | isFolder: true | path: "docs/openclaw"
[2026-05-02T19:21:36.512Z] ITEM: "projects" | isFolder: true | path: "docs/projects"
[2026-05-02T19:21:36.512Z] ITEM: "topics" | isFolder: true | path: "docs/topics"
[2026-05-02T19:21:36.513Z] ITEM: "Wiki-Guide.md" | isFolder: false | path: "docs/Wiki-Guide.md"
[2026-05-02T19:21:41.046Z] LIST: "/docs/projects"
[2026-05-02T19:21:41.046Z] ABSOLUTE: "C:\Users\tberg\.openclaw\workspace\docs\projects"
[2026-05-02T19:21:41.046Z] FOUND: 16 items
[2026-05-02T19:21:41.047Z] ITEM: "art-portfolio" | isFolder: true | path: "docs/projects/art-portfolio"
[2026-05-02T19:21:41.047Z] ITEM: "ArtSubmissions" | isFolder: true | path: "docs/projects/ArtSubmissions"
[2026-05-02T19:21:41.048Z] ITEM: "ArtTracker" | isFolder: true | path: "docs/projects/ArtTracker"
[2026-05-02T19:21:41.048Z] ITEM: "Chronicles" | isFolder: true | path: "docs/projects/Chronicles"
[2026-05-02T19:21:41.049Z] ITEM: "CollectorCRM" | isFolder: true | path: "docs/projects/CollectorCRM"
[2026-05-02T19:21:41.049Z] ITEM: "CompositionPro" | isFolder: true | path: "docs/projects/CompositionPro"
[2026-05-02T19:21:41.049Z] ITEM: "MissionControl" | isFolder: true | path: "docs/projects/MissionControl"
[2026-05-02T19:21:41.050Z] ITEM: "OpenClaw" | isFolder: true | path: "docs/projects/OpenClaw"
[2026-05-02T19:21:41.050Z] ITEM: "PaletteExtractor" | isFolder: true | path: "docs/projects/PaletteExtractor"
[2026-05-02T19:21:41.051Z] ITEM: "PalettePickerPro" | isFolder: true | path: "docs/projects/PalettePickerPro"
[2026-05-02T19:21:41.051Z] ITEM: "PictureHangerPro" | isFolder: true | path: "docs/projects/PictureHangerPro"
[2026-05-02T19:21:41.052Z] ITEM: "PictureHangerPro3" | isFolder: true | path: "docs/projects/PictureHangerPro3"
[2026-05-02T19:21:41.052Z] ITEM: "second-brain" | isFolder: true | path: "docs/projects/second-brain"
[2026-05-02T19:21:41.052Z] ITEM: "Thomas-Arenberg" | isFolder: true | path: "docs/projects/Thomas-Arenberg"
[2026-05-02T19:21:41.053Z] ITEM: "TomArenbergWebsite" | isFolder: true | path: "docs/projects/TomArenbergWebsite"
[2026-05-02T19:21:41.053Z] ITEM: "VoiceChat" | isFolder: true | path: "docs/projects/VoiceChat"
[2026-05-02T19:21:42.641Z] LIST: "/docs/projects/MissionControl"
[2026-05-02T19:21:42.642Z] ABSOLUTE: "C:\Users\tberg\.openclaw\workspace\docs\projects\MissionControl"
[2026-05-02T19:21:42.643Z] FOUND: 11 items
[2026-05-02T19:21:42.643Z] ITEM: "ArtTracker" | isFolder: true | path: "docs/projects/MissionControl/ArtTracker"
[2026-05-02T19:21:42.644Z] ITEM: "Dashboard Architecture" | isFolder: false | path: "docs/projects/MissionControl/Dashboard Architecture"
[2026-05-02T19:21:42.644Z] ITEM: "governor_spec.md" | isFolder: false | path: "docs/projects/MissionControl/governor_spec.md"
[2026-05-02T19:21:42.644Z] ITEM: "Mission Control - Specs.md" | isFolder: false | path: "docs/projects/MissionControl/Mission Control - Specs.md"
[2026-05-02T19:21:42.645Z] ITEM: "mission-control-team-screen-concept.md" | isFolder: false | path: "docs/projects/MissionControl/mission-control-team-screen-concept.md"
[2026-05-02T19:21:42.646Z] ITEM: "ops-control-screen-proposal-implementation-plan" | isFolder: true | path: "docs/projects/MissionControl/ops-control-screen-proposal-implementation-plan"
[2026-05-02T19:21:42.646Z] ITEM: "Projects - Specs.txt" | isFolder: false | path: "docs/projects/MissionControl/Projects - Specs.txt"
[2026-05-02T19:21:42.647Z] ITEM: "README.md" | isFolder: false | path: "docs/projects/MissionControl/README.md"
[2026-05-02T19:21:42.647Z] ITEM: "Soul.md - Code Archetect" | isFolder: false | path: "docs/projects/MissionControl/Soul.md - Code Archetect"
[2026-05-02T19:21:42.648Z] ITEM: "Team-screen-concept.md" | isFolder: false | path: "docs/projects/MissionControl/Team-screen-concept.md"
[2026-05-02T19:21:42.648Z] ITEM: "Test - System Config" | isFolder: false | path: "docs/projects/MissionControl/Test - System Config"
[2026-05-02T19:21:44.793Z] LIST: "/docs/topics"
[2026-05-02T19:21:44.793Z] ABSOLUTE: "C:\Users\tberg\.openclaw\workspace\docs\topics"
[2026-05-02T19:21:44.794Z] FOUND: 6 items
[2026-05-02T19:21:44.794Z] ITEM: "conversation-summary" | isFolder: true | path: "docs/topics/conversation-summary"
[2026-05-02T19:21:44.795Z] ITEM: "evening-wrap-up" | isFolder: true | path: "docs/topics/evening-wrap-up"
[2026-05-02T19:21:44.795Z] ITEM: "general" | isFolder: true | path: "docs/topics/general"
[2026-05-02T19:21:44.795Z] ITEM: "march-20th-2026-daily-log" | isFolder: true | path: "docs/topics/march-20th-2026-daily-log"
[2026-05-02T19:21:44.796Z] ITEM: "memory-flush-2026-04-10" | isFolder: true | path: "docs/topics/memory-flush-2026-04-10"
[2026-05-02T19:21:44.796Z] ITEM: "memory-search-issue-resolution" | isFolder: true | path: "docs/topics/memory-search-issue-resolution"
[2026-05-02T19:22:06.324Z] LIST: "/docs/projects/MissionControl"
[2026-05-02T19:22:06.325Z] ABSOLUTE: "C:\Users\tberg\.openclaw\workspace\docs\projects\MissionControl"
[2026-05-02T19:22:06.325Z] FOUND: 12 items
[2026-05-02T19:22:06.326Z] ITEM: "ArtTracker" | isFolder: true | path: "docs/projects/MissionControl/ArtTracker"
[2026-05-02T19:22:06.326Z] ITEM: "Dashboard Architecture" | isFolder: false | path: "docs/projects/MissionControl/Dashboard Architecture"
[2026-05-02T19:22:06.327Z] ITEM: "governor_spec.md" | isFolder: false | path: "docs/projects/MissionControl/governor_spec.md"
[2026-05-02T19:22:06.327Z] ITEM: "Mission Control - Specs.md" | isFolder: false | path: "docs/projects/MissionControl/Mission Control - Specs.md"
[2026-05-02T19:22:06.327Z] ITEM: "mission-control-team-screen-concept.md" | isFolder: false | path: "docs/projects/MissionControl/mission-control-team-screen-concept.md"
[2026-05-02T19:22:06.328Z] ITEM: "mission-control-ui-session-9-00-9-37-am" | isFolder: true | path: "docs/projects/MissionControl/mission-control-ui-session-9-00-9-37-am"
[2026-05-02T19:22:06.328Z] ITEM: "ops-control-screen-proposal-implementation-plan" | isFolder: true | path: "docs/projects/MissionControl/ops-control-screen-proposal-implementation-plan"
[2026-05-02T19:22:06.329Z] ITEM: "Projects - Specs.txt" | isFolder: false | path: "docs/projects/MissionControl/Projects - Specs.txt"
[2026-05-02T19:22:06.329Z] ITEM: "README.md" | isFolder: false | path: "docs/projects/MissionControl/README.md"
[2026-05-02T19:22:06.330Z] ITEM: "Soul.md - Code Archetect" | isFolder: false | path: "docs/projects/MissionControl/Soul.md - Code Archetect"
[2026-05-02T19:22:06.330Z] ITEM: "Team-screen-concept.md" | isFolder: false | path: "docs/projects/MissionControl/Team-screen-concept.md"
[2026-05-02T19:22:06.330Z] ITEM: "Test - System Config" | isFolder: false | path: "docs/projects/MissionControl/Test - System Config"
[2026-05-02T19:22:06.352Z] LIST: "/docs/topics"
[2026-05-02T19:22:06.352Z] ABSOLUTE: "C:\Users\tberg\.openclaw\workspace\docs\topics"
[2026-05-02T19:22:06.353Z] FOUND: 6 items
[2026-05-02T19:22:06.353Z] ITEM: "conversation-summary" | isFolder: true | path: "docs/topics/conversation-summary"
[2026-05-02T19:22:06.353Z] ITEM: "evening-wrap-up" | isFolder: true | path: "docs/topics/evening-wrap-up"
[2026-05-02T19:22:06.354Z] ITEM: "general" | isFolder: true | path: "docs/topics/general"
[2026-05-02T19:22:06.354Z] ITEM: "march-20th-2026-daily-log" | isFolder: true | path: "docs/topics/march-20th-2026-daily-log"
[2026-05-02T19:22:06.354Z] ITEM: "memory-flush-2026-04-10" | isFolder: true | path: "docs/topics/memory-flush-2026-04-10"
[2026-05-02T19:22:06.355Z] ITEM: "memory-search-issue-resolution" | isFolder: true | path: "docs/topics/memory-search-issue-resolution"
[2026-05-02T19:22:09.624Z] LIST: "/docs"
[2026-05-02T19:22:09.625Z] ABSOLUTE: "C:\Users\tberg\.openclaw\workspace\docs"
[2026-05-02T19:22:09.625Z] FOUND: 9 items
[2026-05-02T19:22:09.625Z] ITEM: "concepts" | isFolder: true | path: "docs/concepts"
[2026-05-02T19:22:09.626Z] ITEM: "index.md" | isFolder: false | path: "docs/index.md"
[2026-05-02T19:22:09.626Z] ITEM: "lessons" | isFolder: true | path: "docs/lessons"
[2026-05-02T19:22:09.627Z] ITEM: "log.md" | isFolder: false | path: "docs/log.md"
[2026-05-02T19:22:09.627Z] ITEM: "Nightly-Log.md" | isFolder: false | path: "docs/Nightly-Log.md"
[2026-05-02T19:22:09.628Z] ITEM: "openclaw" | isFolder: true | path: "docs/openclaw"
[2026-05-02T19:22:09.628Z] ITEM: "projects" | isFolder: true | path: "docs/projects"
[2026-05-02T19:22:09.628Z] ITEM: "topics" | isFolder: true | path: "docs/topics"
[2026-05-02T19:22:09.629Z] ITEM: "Wiki-Guide.md" | isFolder: false | path: "docs/Wiki-Guide.md"
[2026-05-02T19:22:11.979Z] LIST: "/docs/openclaw"
[2026-05-02T19:22:11.979Z] ABSOLUTE: "C:\Users\tberg\.openclaw\workspace\docs\openclaw"
[2026-05-02T19:22:11.980Z] FOUND: 5 items
[2026-05-02T19:22:11.980Z] ITEM: "embedding_and_browser_troubleshooting.md" | isFolder: false | path: "docs/openclaw/embedding_and_browser_troubleshooting.md"
[2026-05-02T19:22:11.981Z] ITEM: "gateway-instability-and-model-failures" | isFolder: true | path: "docs/openclaw/gateway-instability-and-model-failures"
[2026-05-02T19:22:11.981Z] ITEM: "housekeeper_agent.md" | isFolder: false | path: "docs/openclaw/housekeeper_agent.md"
[2026-05-02T19:22:11.981Z] ITEM: "mem0 Embedding-Ollama.md" | isFolder: false | path: "docs/openclaw/mem0 Embedding-Ollama.md"
[2026-05-02T19:22:11.982Z] ITEM: "spec_template.md" | isFolder: false | path: "docs/openclaw/spec_template.md"
[2026-05-02T19:22:13.629Z] LIST: "/docs/topics"
[2026-05-02T19:22:13.630Z] ABSOLUTE: "C:\Users\tberg\.openclaw\workspace\docs\topics"
[2026-05-02T19:22:13.630Z] FOUND: 5 items
[2026-05-02T19:22:13.631Z] ITEM: "conversation-summary" | isFolder: true | path: "docs/topics/conversation-summary"
[2026-05-02T19:22:13.631Z] ITEM: "evening-wrap-up" | isFolder: true | path: "docs/topics/evening-wrap-up"
[2026-05-02T19:22:13.632Z] ITEM: "general" | isFolder: true | path: "docs/topics/general"
[2026-05-02T19:22:13.632Z] ITEM: "march-20th-2026-daily-log" | isFolder: true | path: "docs/topics/march-20th-2026-daily-log"
[2026-05-02T19:22:13.632Z] ITEM: "memory-flush-2026-04-10" | isFolder: true | path: "docs/topics/memory-flush-2026-04-10"
[2026-05-02T19:22:20.177Z] LIST: "/docs/topics/march-20th-2026-daily-log"
[2026-05-02T19:22:20.177Z] ABSOLUTE: "C:\Users\tberg\.openclaw\workspace\docs\topics\march-20th-2026-daily-log"
[2026-05-02T19:22:20.178Z] FOUND: 1 items
[2026-05-02T19:22:20.178Z] ITEM: "2026-03-20-summary.md" | isFolder: false | path: "docs/topics/march-20th-2026-daily-log/2026-03-20-summary.md"
[2026-05-02T19:22:23.819Z] LIST: "/docs/openclaw"
[2026-05-02T19:22:23.819Z] ABSOLUTE: "C:\Users\tberg\.openclaw\workspace\docs\openclaw"
[2026-05-02T19:22:23.820Z] FOUND: 6 items
[2026-05-02T19:22:23.820Z] ITEM: "embedding_and_browser_troubleshooting.md" | isFolder: false | path: "docs/openclaw/embedding_and_browser_troubleshooting.md"
[2026-05-02T19:22:23.821Z] ITEM: "gateway-instability-and-model-failures" | isFolder: true | path: "docs/openclaw/gateway-instability-and-model-failures"
[2026-05-02T19:22:23.821Z] ITEM: "housekeeper_agent.md" | isFolder: false | path: "docs/openclaw/housekeeper_agent.md"
[2026-05-02T19:22:23.821Z] ITEM: "mem0 Embedding-Ollama.md" | isFolder: false | path: "docs/openclaw/mem0 Embedding-Ollama.md"
[2026-05-02T19:22:23.822Z] ITEM: "memory-search-issue-resolution" | isFolder: true | path: "docs/openclaw/memory-search-issue-resolution"
[2026-05-02T19:22:23.822Z] ITEM: "spec_template.md" | isFolder: false | path: "docs/openclaw/spec_template.md"
[2026-05-02T19:22:23.843Z] LIST: "/docs/topics/march-20th-2026-daily-log"
[2026-05-02T19:22:23.844Z] ABSOLUTE: "C:\Users\tberg\.openclaw\workspace\docs\topics\march-20th-2026-daily-log"
[2026-05-02T19:22:23.844Z] FOUND: 1 items
[2026-05-02T19:22:23.845Z] ITEM: "2026-03-20-summary.md" | isFolder: false | path: "docs/topics/march-20th-2026-daily-log/2026-03-20-summary.md"
[2026-05-02T19:22:26.657Z] LIST: "/docs/topics"
[2026-05-02T19:22:26.658Z] ABSOLUTE: "C:\Users\tberg\.openclaw\workspace\docs\topics"
[2026-05-02T19:22:26.658Z] FOUND: 5 items
[2026-05-02T19:22:26.659Z] ITEM: "conversation-summary" | isFolder: true | path: "docs/topics/conversation-summary"
[2026-05-02T19:22:26.659Z] ITEM: "evening-wrap-up" | isFolder: true | path: "docs/topics/evening-wrap-up"
[2026-05-02T19:22:26.659Z] ITEM: "general" | isFolder: true | path: "docs/topics/general"
[2026-05-02T19:22:26.660Z] ITEM: "march-20th-2026-daily-log" | isFolder: true | path: "docs/topics/march-20th-2026-daily-log"
[2026-05-02T19:22:26.660Z] ITEM: "memory-flush-2026-04-10" | isFolder: true | path: "docs/topics/memory-flush-2026-04-10"
[2026-05-02T19:22:29.171Z] LIST: "/docs"
[2026-05-02T19:22:29.171Z] ABSOLUTE: "C:\Users\tberg\.openclaw\workspace\docs"
[2026-05-02T19:22:29.172Z] FOUND: 9 items
[2026-05-02T19:22:29.172Z] ITEM: "concepts" | isFolder: true | path: "docs/concepts"
[2026-05-02T19:22:29.172Z] ITEM: "index.md" | isFolder: false | path: "docs/index.md"
[2026-05-02T19:22:29.173Z] ITEM: "lessons" | isFolder: true | path: "docs/lessons"
[2026-05-02T19:22:29.173Z] ITEM: "log.md" | isFolder: false | path: "docs/log.md"
[2026-05-02T19:22:29.174Z] ITEM: "Nightly-Log.md" | isFolder: false | path: "docs/Nightly-Log.md"
[2026-05-02T19:22:29.174Z] ITEM: "openclaw" | isFolder: true | path: "docs/openclaw"
[2026-05-02T19:22:29.174Z] ITEM: "projects" | isFolder: true | path: "docs/projects"
[2026-05-02T19:22:29.175Z] ITEM: "topics" | isFolder: true | path: "docs/topics"
[2026-05-02T19:22:29.175Z] ITEM: "Wiki-Guide.md" | isFolder: false | path: "docs/Wiki-Guide.md"
[2026-05-02T19:22:30.914Z] LIST: "/"
[2026-05-02T19:22:33.183Z] LIST: "/memory"
[2026-05-02T19:22:33.184Z] ABSOLUTE: "C:\Users\tberg\.openclaw\workspace\memory"
[2026-05-02T19:22:33.185Z] FOUND: 69 items
[2026-05-02T19:22:33.185Z] ITEM: ".dreams" | isFolder: true | path: "memory/.dreams"
[2026-05-02T19:22:33.186Z] ITEM: "2026-03-07.md" | isFolder: false | path: "memory/2026-03-07.md"
[2026-05-02T19:22:33.186Z] ITEM: "2026-03-08.md" | isFolder: false | path: "memory/2026-03-08.md"
[2026-05-02T19:22:33.186Z] ITEM: "2026-03-09.md" | isFolder: false | path: "memory/2026-03-09.md"
[2026-05-02T19:22:33.187Z] ITEM: "2026-03-10.md" | isFolder: false | path: "memory/2026-03-10.md"
[2026-05-02T19:22:33.187Z] ITEM: "2026-03-11.md" | isFolder: false | path: "memory/2026-03-11.md"
[2026-05-02T19:22:33.187Z] ITEM: "2026-03-12.md" | isFolder: false | path: "memory/2026-03-12.md"
[2026-05-02T19:22:33.188Z] ITEM: "2026-03-13.md" | isFolder: false | path: "memory/2026-03-13.md"
[2026-05-02T19:22:33.188Z] ITEM: "2026-03-14.md" | isFolder: false | path: "memory/2026-03-14.md"
[2026-05-02T19:22:33.188Z] ITEM: "2026-03-15.md" | isFolder: false | path: "memory/2026-03-15.md"
[2026-05-02T19:22:33.189Z] ITEM: "2026-03-16.md" | isFolder: false | path: "memory/2026-03-16.md"
[2026-05-02T19:22:33.189Z] ITEM: "2026-03-17.md" | isFolder: false | path: "memory/2026-03-17.md"
[2026-05-02T19:22:33.190Z] ITEM: "2026-03-18.md" | isFolder: false | path: "memory/2026-03-18.md"
[2026-05-02T19:22:33.190Z] ITEM: "2026-03-19.md" | isFolder: false | path: "memory/2026-03-19.md"
[2026-05-02T19:22:33.190Z] ITEM: "2026-03-20.md" | isFolder: false | path: "memory/2026-03-20.md"
[2026-05-02T19:22:33.191Z] ITEM: "2026-03-21.md" | isFolder: false | path: "memory/2026-03-21.md"
[2026-05-02T19:22:33.191Z] ITEM: "2026-03-22.md" | isFolder: false | path: "memory/2026-03-22.md"
[2026-05-02T19:22:33.192Z] ITEM: "2026-03-23.md" | isFolder: false | path: "memory/2026-03-23.md"
[2026-05-02T19:22:33.192Z] ITEM: "2026-03-24.md" | isFolder: false | path: "memory/2026-03-24.md"
[2026-05-02T19:22:33.192Z] ITEM: "2026-03-25.md" | isFolder: false | path: "memory/2026-03-25.md"
[2026-05-02T19:22:33.193Z] ITEM: "2026-03-26.md" | isFolder: false | path: "memory/2026-03-26.md"
[2026-05-02T19:22:33.193Z] ITEM: "2026-03-27.md" | isFolder: false | path: "memory/2026-03-27.md"
[2026-05-02T19:22:33.193Z] ITEM: "2026-03-28.md" | isFolder: false | path: "memory/2026-03-28.md"
[2026-05-02T19:22:33.194Z] ITEM: "2026-03-29.md" | isFolder: false | path: "memory/2026-03-29.md"
[2026-05-02T19:22:33.194Z] ITEM: "2026-03-30.md" | isFolder: false | path: "memory/2026-03-30.md"
[2026-05-02T19:22:33.195Z] ITEM: "2026-03-31.md" | isFolder: false | path: "memory/2026-03-31.md"
[2026-05-02T19:22:33.195Z] ITEM: "2026-04-01.md" | isFolder: false | path: "memory/2026-04-01.md"
[2026-05-02T19:22:33.195Z] ITEM: "2026-04-02.md" | isFolder: false | path: "memory/2026-04-02.md"
[2026-05-02T19:22:33.196Z] ITEM: "2026-04-03-dashboard-error.md" | isFolder: false | path: "memory/2026-04-03-dashboard-error.md"
[2026-05-02T19:22:33.196Z] ITEM: "2026-04-03.md" | isFolder: false | path: "memory/2026-04-03.md"
[2026-05-02T19:22:33.197Z] ITEM: "2026-04-04-build-error.md" | isFolder: false | path: "memory/2026-04-04-build-error.md"
[2026-05-02T19:22:33.197Z] ITEM: "2026-04-04.md" | isFolder: false | path: "memory/2026-04-04.md"
[2026-05-02T19:22:33.198Z] ITEM: "2026-04-05.md" | isFolder: false | path: "memory/2026-04-05.md"
[2026-05-02T19:22:33.198Z] ITEM: "2026-04-06.md" | isFolder: false | path: "memory/2026-04-06.md"
[2026-05-02T19:22:33.198Z] ITEM: "2026-04-07.md" | isFolder: false | path: "memory/2026-04-07.md"
[2026-05-02T19:22:33.199Z] ITEM: "2026-04-08.md" | isFolder: false | path: "memory/2026-04-08.md"
[2026-05-02T19:22:33.199Z] ITEM: "2026-04-09.md" | isFolder: false | path: "memory/2026-04-09.md"
[2026-05-02T19:22:33.200Z] ITEM: "2026-04-10-new-haven-exhibition.md" | isFolder: false | path: "memory/2026-04-10-new-haven-exhibition.md"
[2026-05-02T19:22:33.200Z] ITEM: "2026-04-10.md" | isFolder: false | path: "memory/2026-04-10.md"
[2026-05-02T19:22:33.200Z] ITEM: "2026-04-11.md" | isFolder: false | path: "memory/2026-04-11.md"
[2026-05-02T19:22:33.201Z] ITEM: "2026-04-12.md" | isFolder: false | path: "memory/2026-04-12.md"
[2026-05-02T19:22:33.201Z] ITEM: "2026-04-13.md" | isFolder: false | path: "memory/2026-04-13.md"
[2026-05-02T19:22:33.202Z] ITEM: "2026-04-14.md" | isFolder: false | path: "memory/2026-04-14.md"
[2026-05-02T19:22:33.202Z] ITEM: "2026-04-15.md" | isFolder: false | path: "memory/2026-04-15.md"
[2026-05-02T19:22:33.202Z] ITEM: "2026-04-16.md" | isFolder: false | path: "memory/2026-04-16.md"
[2026-05-02T19:22:33.203Z] ITEM: "2026-04-17-1356.md" | isFolder: false | path: "memory/2026-04-17-1356.md"
[2026-05-02T19:22:33.203Z] ITEM: "2026-04-17-2329.md" | isFolder: false | path: "memory/2026-04-17-2329.md"
[2026-05-02T19:22:33.204Z] ITEM: "2026-04-17.md" | isFolder: false | path: "memory/2026-04-17.md"
[2026-05-02T19:22:33.204Z] ITEM: "2026-04-18.md" | isFolder: false | path: "memory/2026-04-18.md"
[2026-05-02T19:22:33.204Z] ITEM: "2026-04-19.md" | isFolder: false | path: "memory/2026-04-19.md"
[2026-05-02T19:22:33.205Z] ITEM: "2026-04-20.md" | isFolder: false | path: "memory/2026-04-20.md"
[2026-05-02T19:22:33.205Z] ITEM: "2026-04-21.md" | isFolder: false | path: "memory/2026-04-21.md"
[2026-05-02T19:22:33.205Z] ITEM: "2026-04-22.md" | isFolder: false | path: "memory/2026-04-22.md"
[2026-05-02T19:22:33.206Z] ITEM: "2026-04-23.md" | isFolder: false | path: "memory/2026-04-23.md"
[2026-05-02T19:22:33.206Z] ITEM: "2026-04-24.md" | isFolder: false | path: "memory/2026-04-24.md"
[2026-05-02T19:22:33.207Z] ITEM: "2026-04-25.md" | isFolder: false | path: "memory/2026-04-25.md"
[2026-05-02T19:22:33.207Z] ITEM: "2026-04-26.md" | isFolder: false | path: "memory/2026-04-26.md"
[2026-05-02T19:22:33.207Z] ITEM: "2026-04-27.md" | isFolder: false | path: "memory/2026-04-27.md"
[2026-05-02T19:22:33.208Z] ITEM: "2026-04-28.md" | isFolder: false | path: "memory/2026-04-28.md"
[2026-05-02T19:22:33.208Z] ITEM: "2026-04-29.md" | isFolder: false | path: "memory/2026-04-29.md"
[2026-05-02T19:22:33.209Z] ITEM: "2026-04-30.md" | isFolder: false | path: "memory/2026-04-30.md"
[2026-05-02T19:22:33.209Z] ITEM: "2026-05-01.md" | isFolder: false | path: "memory/2026-05-01.md"
[2026-05-02T19:22:33.209Z] ITEM: "2026-05-02.md" | isFolder: false | path: "memory/2026-05-02.md"
[2026-05-02T19:22:33.210Z] ITEM: "heartbeat-state.json" | isFolder: false | path: "memory/heartbeat-state.json"
[2026-05-02T19:22:33.211Z] ITEM: "morning_kickoff_report_2026-04-24.md" | isFolder: false | path: "memory/morning_kickoff_report_2026-04-24.md"
[2026-05-02T19:22:33.211Z] ITEM: "morning_kickoff_report_2026-04-28.md" | isFolder: false | path: "memory/morning_kickoff_report_2026-04-28.md"
[2026-05-02T19:22:33.211Z] ITEM: "morning_kickoff_report_2026-04-29.md" | isFolder: false | path: "memory/morning_kickoff_report_2026-04-29.md"
[2026-05-02T19:22:33.212Z] ITEM: "morning_kickoff_report_2026-04-30.md" | isFolder: false | path: "memory/morning_kickoff_report_2026-04-30.md"
[2026-05-02T19:22:33.212Z] ITEM: "morning_kickoff_report_2026-05-02.md" | isFolder: false | path: "memory/morning_kickoff_report_2026-05-02.md"
[2026-05-02T19:22:35.642Z] LIST: "/docs/topics/march-20th-2026-daily-log"
[2026-05-02T19:22:35.643Z] ABSOLUTE: "C:\Users\tberg\.openclaw\workspace\docs\topics\march-20th-2026-daily-log"
[2026-05-02T19:22:35.644Z] FOUND: 0 items
[2026-05-02T19:22:43.505Z] LIST: "/docs/topics"
[2026-05-02T19:22:43.506Z] ABSOLUTE: "C:\Users\tberg\.openclaw\workspace\docs\topics"
[2026-05-02T19:22:43.506Z] FOUND: 5 items
[2026-05-02T19:22:43.507Z] ITEM: "conversation-summary" | isFolder: true | path: "docs/topics/conversation-summary"
[2026-05-02T19:22:43.507Z] ITEM: "evening-wrap-up" | isFolder: true | path: "docs/topics/evening-wrap-up"
[2026-05-02T19:22:43.507Z] ITEM: "general" | isFolder: true | path: "docs/topics/general"
[2026-05-02T19:22:43.508Z] ITEM: "march-20th-2026-daily-log" | isFolder: true | path: "docs/topics/march-20th-2026-daily-log"
[2026-05-02T19:22:43.508Z] ITEM: "memory-flush-2026-04-10" | isFolder: true | path: "docs/topics/memory-flush-2026-04-10"
[2026-05-02T19:22:52.599Z] LIST: "/docs/topics"
[2026-05-02T19:22:52.599Z] ABSOLUTE: "C:\Users\tberg\.openclaw\workspace\docs\topics"
[2026-05-02T19:22:52.600Z] FOUND: 4 items
[2026-05-02T19:22:52.600Z] ITEM: "conversation-summary" | isFolder: true | path: "docs/topics/conversation-summary"
[2026-05-02T19:22:52.600Z] ITEM: "evening-wrap-up" | isFolder: true | path: "docs/topics/evening-wrap-up"
[2026-05-02T19:22:52.601Z] ITEM: "general" | isFolder: true | path: "docs/topics/general"
[2026-05-02T19:22:52.601Z] ITEM: "memory-flush-2026-04-10" | isFolder: true | path: "docs/topics/memory-flush-2026-04-10"
[2026-05-02T19:23:00.204Z] LIST: "/memory"
[2026-05-02T19:23:00.205Z] ABSOLUTE: "C:\Users\tberg\.openclaw\workspace\memory"
[2026-05-02T19:23:00.205Z] FOUND: 70 items
[2026-05-02T19:23:00.206Z] ITEM: ".dreams" | isFolder: true | path: "memory/.dreams"
[2026-05-02T19:23:00.206Z] ITEM: "2026-03-07.md" | isFolder: false | path: "memory/2026-03-07.md"
[2026-05-02T19:23:00.207Z] ITEM: "2026-03-08.md" | isFolder: false | path: "memory/2026-03-08.md"
[2026-05-02T19:23:00.207Z] ITEM: "2026-03-09.md" | isFolder: false | path: "memory/2026-03-09.md"
[2026-05-02T19:23:00.208Z] ITEM: "2026-03-10.md" | isFolder: false | path: "memory/2026-03-10.md"
[2026-05-02T19:23:00.208Z] ITEM: "2026-03-11.md" | isFolder: false | path: "memory/2026-03-11.md"
[2026-05-02T19:23:00.208Z] ITEM: "2026-03-12.md" | isFolder: false | path: "memory/2026-03-12.md"
[2026-05-02T19:23:00.209Z] ITEM: "2026-03-13.md" | isFolder: false | path: "memory/2026-03-13.md"
[2026-05-02T19:23:00.209Z] ITEM: "2026-03-14.md" | isFolder: false | path: "memory/2026-03-14.md"
[2026-05-02T19:23:00.210Z] ITEM: "2026-03-15.md" | isFolder: false | path: "memory/2026-03-15.md"
[2026-05-02T19:23:00.210Z] ITEM: "2026-03-16.md" | isFolder: false | path: "memory/2026-03-16.md"
[2026-05-02T19:23:00.210Z] ITEM: "2026-03-17.md" | isFolder: false | path: "memory/2026-03-17.md"
[2026-05-02T19:23:00.211Z] ITEM: "2026-03-18.md" | isFolder: false | path: "memory/2026-03-18.md"
[2026-05-02T19:23:00.212Z] ITEM: "2026-03-19.md" | isFolder: false | path: "memory/2026-03-19.md"
[2026-05-02T19:23:00.212Z] ITEM: "2026-03-20-summary.md" | isFolder: false | path: "memory/2026-03-20-summary.md"
[2026-05-02T19:23:00.212Z] ITEM: "2026-03-20.md" | isFolder: false | path: "memory/2026-03-20.md"
[2026-05-02T19:23:00.213Z] ITEM: "2026-03-21.md" | isFolder: false | path: "memory/2026-03-21.md"
[2026-05-02T19:23:00.213Z] ITEM: "2026-03-22.md" | isFolder: false | path: "memory/2026-03-22.md"
[2026-05-02T19:23:00.213Z] ITEM: "2026-03-23.md" | isFolder: false | path: "memory/2026-03-23.md"
[2026-05-02T19:23:00.214Z] ITEM: "2026-03-24.md" | isFolder: false | path: "memory/2026-03-24.md"
[2026-05-02T19:23:00.214Z] ITEM: "2026-03-25.md" | isFolder: false | path: "memory/2026-03-25.md"
[2026-05-02T19:23:00.215Z] ITEM: "2026-03-26.md" | isFolder: false | path: "memory/2026-03-26.md"
[2026-05-02T19:23:00.215Z] ITEM: "2026-03-27.md" | isFolder: false | path: "memory/2026-03-27.md"
[2026-05-02T19:23:00.215Z] ITEM: "2026-03-28.md" | isFolder: false | path: "memory/2026-03-28.md"
[2026-05-02T19:23:00.216Z] ITEM: "2026-03-29.md" | isFolder: false | path: "memory/2026-03-29.md"
[2026-05-02T19:23:00.216Z] ITEM: "2026-03-30.md" | isFolder: false | path: "memory/2026-03-30.md"
[2026-05-02T19:23:00.217Z] ITEM: "2026-03-31.md" | isFolder: false | path: "memory/2026-03-31.md"
[2026-05-02T19:23:00.217Z] ITEM: "2026-04-01.md" | isFolder: false | path: "memory/2026-04-01.md"
[2026-05-02T19:23:00.217Z] ITEM: "2026-04-02.md" | isFolder: false | path: "memory/2026-04-02.md"
[2026-05-02T19:23:00.218Z] ITEM: "2026-04-03-dashboard-error.md" | isFolder: false | path: "memory/2026-04-03-dashboard-error.md"
[2026-05-02T19:23:00.218Z] ITEM: "2026-04-03.md" | isFolder: false | path: "memory/2026-04-03.md"
[2026-05-02T19:23:00.219Z] ITEM: "2026-04-04-build-error.md" | isFolder: false | path: "memory/2026-04-04-build-error.md"
[2026-05-02T19:23:00.219Z] ITEM: "2026-04-04.md" | isFolder: false | path: "memory/2026-04-04.md"
[2026-05-02T19:23:00.219Z] ITEM: "2026-04-05.md" | isFolder: false | path: "memory/2026-04-05.md"
[2026-05-02T19:23:00.220Z] ITEM: "2026-04-06.md" | isFolder: false | path: "memory/2026-04-06.md"
[2026-05-02T19:23:00.220Z] ITEM: "2026-04-07.md" | isFolder: false | path: "memory/2026-04-07.md"
[2026-05-02T19:23:00.221Z] ITEM: "2026-04-08.md" | isFolder: false | path: "memory/2026-04-08.md"
[2026-05-02T19:23:00.221Z] ITEM: "2026-04-09.md" | isFolder: false | path: "memory/2026-04-09.md"
[2026-05-02T19:23:00.222Z] ITEM: "2026-04-10-new-haven-exhibition.md" | isFolder: false | path: "memory/2026-04-10-new-haven-exhibition.md"
[2026-05-02T19:23:00.222Z] ITEM: "2026-04-10.md" | isFolder: false | path: "memory/2026-04-10.md"
[2026-05-02T19:23:00.223Z] ITEM: "2026-04-11.md" | isFolder: false | path: "memory/2026-04-11.md"
[2026-05-02T19:23:00.223Z] ITEM: "2026-04-12.md" | isFolder: false | path: "memory/2026-04-12.md"
[2026-05-02T19:23:00.224Z] ITEM: "2026-04-13.md" | isFolder: false | path: "memory/2026-04-13.md"
[2026-05-02T19:23:00.224Z] ITEM: "2026-04-14.md" | isFolder: false | path: "memory/2026-04-14.md"
[2026-05-02T19:23:00.224Z] ITEM: "2026-04-15.md" | isFolder: false | path: "memory/2026-04-15.md"
[2026-05-02T19:23:00.225Z] ITEM: "2026-04-16.md" | isFolder: false | path: "memory/2026-04-16.md"
[2026-05-02T19:23:00.225Z] ITEM: "2026-04-17-1356.md" | isFolder: false | path: "memory/2026-04-17-1356.md"
[2026-05-02T19:23:00.226Z] ITEM: "2026-04-17-2329.md" | isFolder: false | path: "memory/2026-04-17-2329.md"
[2026-05-02T19:23:00.226Z] ITEM: "2026-04-17.md" | isFolder: false | path: "memory/2026-04-17.md"
[2026-05-02T19:23:00.227Z] ITEM: "2026-04-18.md" | isFolder: false | path: "memory/2026-04-18.md"
[2026-05-02T19:23:00.227Z] ITEM: "2026-04-19.md" | isFolder: false | path: "memory/2026-04-19.md"
[2026-05-02T19:23:00.227Z] ITEM: "2026-04-20.md" | isFolder: false | path: "memory/2026-04-20.md"
[2026-05-02T19:23:00.228Z] ITEM: "2026-04-21.md" | isFolder: false | path: "memory/2026-04-21.md"
[2026-05-02T19:23:00.228Z] ITEM: "2026-04-22.md" | isFolder: false | path: "memory/2026-04-22.md"
[2026-05-02T19:23:00.229Z] ITEM: "2026-04-23.md" | isFolder: false | path: "memory/2026-04-23.md"
[2026-05-02T19:23:00.229Z] ITEM: "2026-04-24.md" | isFolder: false | path: "memory/2026-04-24.md"
[2026-05-02T19:23:00.229Z] ITEM: "2026-04-25.md" | isFolder: false | path: "memory/2026-04-25.md"
[2026-05-02T19:23:00.230Z] ITEM: "2026-04-26.md" | isFolder: false | path: "memory/2026-04-26.md"
[2026-05-02T19:23:00.230Z] ITEM: "2026-04-27.md" | isFolder: false | path: "memory/2026-04-27.md"
[2026-05-02T19:23:00.231Z] ITEM: "2026-04-28.md" | isFolder: false | path: "memory/2026-04-28.md"
[2026-05-02T19:23:00.231Z] ITEM: "2026-04-29.md" | isFolder: false | path: "memory/2026-04-29.md"
[2026-05-02T19:23:00.231Z] ITEM: "2026-04-30.md" | isFolder: false | path: "memory/2026-04-30.md"
[2026-05-02T19:23:00.232Z] ITEM: "2026-05-01.md" | isFolder: false | path: "memory/2026-05-01.md"
[2026-05-02T19:23:00.232Z] ITEM: "2026-05-02.md" | isFolder: false | path: "memory/2026-05-02.md"
[2026-05-02T19:23:00.233Z] ITEM: "heartbeat-state.json" | isFolder: false | path: "memory/heartbeat-state.json"
[2026-05-02T19:23:00.233Z] ITEM: "morning_kickoff_report_2026-04-24.md" | isFolder: false | path: "memory/morning_kickoff_report_2026-04-24.md"
[2026-05-02T19:23:00.233Z] ITEM: "morning_kickoff_report_2026-04-28.md" | isFolder: false | path: "memory/morning_kickoff_report_2026-04-28.md"
[2026-05-02T19:23:00.234Z] ITEM: "morning_kickoff_report_2026-04-29.md" | isFolder: false | path: "memory/morning_kickoff_report_2026-04-29.md"
[2026-05-02T19:23:00.234Z] ITEM: "morning_kickoff_report_2026-04-30.md" | isFolder: false | path: "memory/morning_kickoff_report_2026-04-30.md"
[2026-05-02T19:23:00.235Z] ITEM: "morning_kickoff_report_2026-05-02.md" | isFolder: false | path: "memory/morning_kickoff_report_2026-05-02.md"
[2026-05-02T19:23:00.266Z] LIST: "/docs/topics"
[2026-05-02T19:23:00.266Z] ABSOLUTE: "C:\Users\tberg\.openclaw\workspace\docs\topics"
[2026-05-02T19:23:00.267Z] FOUND: 4 items
[2026-05-02T19:23:00.267Z] ITEM: "conversation-summary" | isFolder: true | path: "docs/topics/conversation-summary"
[2026-05-02T19:23:00.268Z] ITEM: "evening-wrap-up" | isFolder: true | path: "docs/topics/evening-wrap-up"
[2026-05-02T19:23:00.268Z] ITEM: "general" | isFolder: true | path: "docs/topics/general"
[2026-05-02T19:23:00.269Z] ITEM: "memory-flush-2026-04-10" | isFolder: true | path: "docs/topics/memory-flush-2026-04-10"
[2026-05-02T19:23:04.532Z] LIST: "/docs"
[2026-05-02T19:23:04.533Z] ABSOLUTE: "C:\Users\tberg\.openclaw\workspace\docs"
[2026-05-02T19:23:04.533Z] FOUND: 9 items
[2026-05-02T19:23:04.534Z] ITEM: "concepts" | isFolder: true | path: "docs/concepts"
[2026-05-02T19:23:04.534Z] ITEM: "index.md" | isFolder: false | path: "docs/index.md"
[2026-05-02T19:23:04.535Z] ITEM: "lessons" | isFolder: true | path: "docs/lessons"
[2026-05-02T19:23:04.535Z] ITEM: "log.md" | isFolder: false | path: "docs/log.md"
[2026-05-02T19:23:04.535Z] ITEM: "Nightly-Log.md" | isFolder: false | path: "docs/Nightly-Log.md"
[2026-05-02T19:23:04.536Z] ITEM: "openclaw" | isFolder: true | path: "docs/openclaw"
[2026-05-02T19:23:04.536Z] ITEM: "projects" | isFolder: true | path: "docs/projects"
[2026-05-02T19:23:04.536Z] ITEM: "topics" | isFolder: true | path: "docs/topics"
[2026-05-02T19:23:04.537Z] ITEM: "Wiki-Guide.md" | isFolder: false | path: "docs/Wiki-Guide.md"
[2026-05-02T19:23:06.289Z] LIST: "/"
[2026-05-02T19:23:07.658Z] LIST: "/memory"
[2026-05-02T19:23:07.658Z] ABSOLUTE: "C:\Users\tberg\.openclaw\workspace\memory"
[2026-05-02T19:23:07.659Z] FOUND: 70 items
[2026-05-02T19:23:07.659Z] ITEM: ".dreams" | isFolder: true | path: "memory/.dreams"
[2026-05-02T19:23:07.660Z] ITEM: "2026-03-07.md" | isFolder: false | path: "memory/2026-03-07.md"
[2026-05-02T19:23:07.660Z] ITEM: "2026-03-08.md" | isFolder: false | path: "memory/2026-03-08.md"
[2026-05-02T19:23:07.660Z] ITEM: "2026-03-09.md" | isFolder: false | path: "memory/2026-03-09.md"
[2026-05-02T19:23:07.661Z] ITEM: "2026-03-10.md" | isFolder: false | path: "memory/2026-03-10.md"
[2026-05-02T19:23:07.661Z] ITEM: "2026-03-11.md" | isFolder: false | path: "memory/2026-03-11.md"
[2026-05-02T19:23:07.661Z] ITEM: "2026-03-12.md" | isFolder: false | path: "memory/2026-03-12.md"
[2026-05-02T19:23:07.662Z] ITEM: "2026-03-13.md" | isFolder: false | path: "memory/2026-03-13.md"
[2026-05-02T19:23:07.662Z] ITEM: "2026-03-14.md" | isFolder: false | path: "memory/2026-03-14.md"
[2026-05-02T19:23:07.663Z] ITEM: "2026-03-15.md" | isFolder: false | path: "memory/2026-03-15.md"
[2026-05-02T19:23:07.663Z] ITEM: "2026-03-16.md" | isFolder: false | path: "memory/2026-03-16.md"
[2026-05-02T19:23:07.663Z] ITEM: "2026-03-17.md" | isFolder: false | path: "memory/2026-03-17.md"
[2026-05-02T19:23:07.664Z] ITEM: "2026-03-18.md" | isFolder: false | path: "memory/2026-03-18.md"
[2026-05-02T19:23:07.664Z] ITEM: "2026-03-19.md" | isFolder: false | path: "memory/2026-03-19.md"
[2026-05-02T19:23:07.665Z] ITEM: "2026-03-20-summary.md" | isFolder: false | path: "memory/2026-03-20-summary.md"
[2026-05-02T19:23:07.665Z] ITEM: "2026-03-20.md" | isFolder: false | path: "memory/2026-03-20.md"
[2026-05-02T19:23:07.665Z] ITEM: "2026-03-21.md" | isFolder: false | path: "memory/2026-03-21.md"
[2026-05-02T19:23:07.666Z] ITEM: "2026-03-22.md" | isFolder: false | path: "memory/2026-03-22.md"
[2026-05-02T19:23:07.666Z] ITEM: "2026-03-23.md" | isFolder: false | path: "memory/2026-03-23.md"
[2026-05-02T19:23:07.667Z] ITEM: "2026-03-24.md" | isFolder: false | path: "memory/2026-03-24.md"
[2026-05-02T19:23:07.667Z] ITEM: "2026-03-25.md" | isFolder: false | path: "memory/2026-03-25.md"
[2026-05-02T19:23:07.668Z] ITEM: "2026-03-26.md" | isFolder: false | path: "memory/2026-03-26.md"
[2026-05-02T19:23:07.668Z] ITEM: "2026-03-27.md" | isFolder: false | path: "memory/2026-03-27.md"
[2026-05-02T19:23:07.668Z] ITEM: "2026-03-28.md" | isFolder: false | path: "memory/2026-03-28.md"
[2026-05-02T19:23:07.669Z] ITEM: "2026-03-29.md" | isFolder: false | path: "memory/2026-03-29.md"
[2026-05-02T19:23:07.669Z] ITEM: "2026-03-30.md" | isFolder: false | path: "memory/2026-03-30.md"
[2026-05-02T19:23:07.669Z] ITEM: "2026-03-31.md" | isFolder: false | path: "memory/2026-03-31.md"
[2026-05-02T19:23:07.670Z] ITEM: "2026-04-01.md" | isFolder: false | path: "memory/2026-04-01.md"
[2026-05-02T19:23:07.671Z] ITEM: "2026-04-02.md" | isFolder: false | path: "memory/2026-04-02.md"
[2026-05-02T19:23:07.671Z] ITEM: "2026-04-03-dashboard-error.md" | isFolder: false | path: "memory/2026-04-03-dashboard-error.md"
[2026-05-02T19:23:07.671Z] ITEM: "2026-04-03.md" | isFolder: false | path: "memory/2026-04-03.md"
[2026-05-02T19:23:07.672Z] ITEM: "2026-04-04-build-error.md" | isFolder: false | path: "memory/2026-04-04-build-error.md"
[2026-05-02T19:23:07.672Z] ITEM: "2026-04-04.md" | isFolder: false | path: "memory/2026-04-04.md"
[2026-05-02T19:23:07.673Z] ITEM: "2026-04-05.md" | isFolder: false | path: "memory/2026-04-05.md"
[2026-05-02T19:23:07.673Z] ITEM: "2026-04-06.md" | isFolder: false | path: "memory/2026-04-06.md"
[2026-05-02T19:23:07.673Z] ITEM: "2026-04-07.md" | isFolder: false | path: "memory/2026-04-07.md"
[2026-05-02T19:23:07.674Z] ITEM: "2026-04-08.md" | isFolder: false | path: "memory/2026-04-08.md"
[2026-05-02T19:23:07.674Z] ITEM: "2026-04-09.md" | isFolder: false | path: "memory/2026-04-09.md"
[2026-05-02T19:23:07.675Z] ITEM: "2026-04-10-new-haven-exhibition.md" | isFolder: false | path: "memory/2026-04-10-new-haven-exhibition.md"
[2026-05-02T19:23:07.675Z] ITEM: "2026-04-10.md" | isFolder: false | path: "memory/2026-04-10.md"
[2026-05-02T19:23:07.675Z] ITEM: "2026-04-11.md" | isFolder: false | path: "memory/2026-04-11.md"
[2026-05-02T19:23:07.676Z] ITEM: "2026-04-12.md" | isFolder: false | path: "memory/2026-04-12.md"
[2026-05-02T19:23:07.676Z] ITEM: "2026-04-13.md" | isFolder: false | path: "memory/2026-04-13.md"
[2026-05-02T19:23:07.677Z] ITEM: "2026-04-14.md" | isFolder: false | path: "memory/2026-04-14.md"
[2026-05-02T19:23:07.677Z] ITEM: "2026-04-15.md" | isFolder: false | path: "memory/2026-04-15.md"
[2026-05-02T19:23:07.677Z] ITEM: "2026-04-16.md" | isFolder: false | path: "memory/2026-04-16.md"
[2026-05-02T19:23:07.678Z] ITEM: "2026-04-17-1356.md" | isFolder: false | path: "memory/2026-04-17-1356.md"
[2026-05-02T19:23:07.678Z] ITEM: "2026-04-17-2329.md" | isFolder: false | path: "memory/2026-04-17-2329.md"
[2026-05-02T19:23:07.678Z] ITEM: "2026-04-17.md" | isFolder: false | path: "memory/2026-04-17.md"
[2026-05-02T19:23:07.679Z] ITEM: "2026-04-18.md" | isFolder: false | path: "memory/2026-04-18.md"
[2026-05-02T19:23:07.679Z] ITEM: "2026-04-19.md" | isFolder: false | path: "memory/2026-04-19.md"
[2026-05-02T19:23:07.680Z] ITEM: "2026-04-20.md" | isFolder: false | path: "memory/2026-04-20.md"
[2026-05-02T19:23:07.680Z] ITEM: "2026-04-21.md" | isFolder: false | path: "memory/2026-04-21.md"
[2026-05-02T19:23:07.680Z] ITEM: "2026-04-22.md" | isFolder: false | path: "memory/2026-04-22.md"
[2026-05-02T19:23:07.681Z] ITEM: "2026-04-23.md" | isFolder: false | path: "memory/2026-04-23.md"
[2026-05-02T19:23:07.681Z] ITEM: "2026-04-24.md" | isFolder: false | path: "memory/2026-04-24.md"
[2026-05-02T19:23:07.681Z] ITEM: "2026-04-25.md" | isFolder: false | path: "memory/2026-04-25.md"
[2026-05-02T19:23:07.682Z] ITEM: "2026-04-26.md" | isFolder: false | path: "memory/2026-04-26.md"
[2026-05-02T19:23:07.682Z] ITEM: "2026-04-27.md" | isFolder: false | path: "memory/2026-04-27.md"
[2026-05-02T19:23:07.683Z] ITEM: "2026-04-28.md" | isFolder: false | path: "memory/2026-04-28.md"
[2026-05-02T19:23:07.683Z] ITEM: "2026-04-29.md" | isFolder: false | path: "memory/2026-04-29.md"
[2026-05-02T19:23:07.684Z] ITEM: "2026-04-30.md" | isFolder: false | path: "memory/2026-04-30.md"
[2026-05-02T19:23:07.684Z] ITEM: "2026-05-01.md" | isFolder: false | path: "memory/2026-05-01.md"
[2026-05-02T19:23:07.685Z] ITEM: "2026-05-02.md" | isFolder: false | path: "memory/2026-05-02.md"
[2026-05-02T19:23:07.685Z] ITEM: "heartbeat-state.json" | isFolder: false | path: "memory/heartbeat-state.json"
[2026-05-02T19:23:07.685Z] ITEM: "morning_kickoff_report_2026-04-24.md" | isFolder: false | path: "memory/morning_kickoff_report_2026-04-24.md"
[2026-05-02T19:23:07.686Z] ITEM: "morning_kickoff_report_2026-04-28.md" | isFolder: false | path: "memory/morning_kickoff_report_2026-04-28.md"
[2026-05-02T19:23:07.686Z] ITEM: "morning_kickoff_report_2026-04-29.md" | isFolder: false | path: "memory/morning_kickoff_report_2026-04-29.md"
[2026-05-02T19:23:07.686Z] ITEM: "morning_kickoff_report_2026-04-30.md" | isFolder: false | path: "memory/morning_kickoff_report_2026-04-30.md"
[2026-05-02T19:23:07.687Z] ITEM: "morning_kickoff_report_2026-05-02.md" | isFolder: false | path: "memory/morning_kickoff_report_2026-05-02.md"
[2026-05-02T19:23:08.816Z] LIST: "/docs/topics"
[2026-05-02T19:23:08.817Z] ABSOLUTE: "C:\Users\tberg\.openclaw\workspace\docs\topics"
[2026-05-02T19:23:08.820Z] FOUND: 3 items
[2026-05-02T19:23:08.821Z] ITEM: "conversation-summary" | isFolder: true | path: "docs/topics/conversation-summary"
[2026-05-02T19:23:08.821Z] ITEM: "evening-wrap-up" | isFolder: true | path: "docs/topics/evening-wrap-up"
[2026-05-02T19:23:08.822Z] ITEM: "general" | isFolder: true | path: "docs/topics/general"
[2026-05-02T19:23:16.083Z] LIST: "/docs/topics/conversation-summary"
[2026-05-02T19:23:16.083Z] ABSOLUTE: "C:\Users\tberg\.openclaw\workspace\docs\topics\conversation-summary"
[2026-05-02T19:23:16.084Z] FOUND: 2 items
[2026-05-02T19:23:16.084Z] ITEM: "2026-04-20-summary.md" | isFolder: false | path: "docs/topics/conversation-summary/2026-04-20-summary.md"
[2026-05-02T19:23:16.085Z] ITEM: "2026-04-21-summary.md" | isFolder: false | path: "docs/topics/conversation-summary/2026-04-21-summary.md"
[2026-05-02T19:23:22.982Z] LIST: "/memory"
[2026-05-02T19:23:22.982Z] ABSOLUTE: "C:\Users\tberg\.openclaw\workspace\memory"
[2026-05-02T19:23:22.983Z] FOUND: 71 items
[2026-05-02T19:23:22.983Z] ITEM: ".dreams" | isFolder: true | path: "memory/.dreams"
[2026-05-02T19:23:22.984Z] ITEM: "2026-03-07.md" | isFolder: false | path: "memory/2026-03-07.md"
[2026-05-02T19:23:22.984Z] ITEM: "2026-03-08.md" | isFolder: false | path: "memory/2026-03-08.md"
[2026-05-02T19:23:22.985Z] ITEM: "2026-03-09.md" | isFolder: false | path: "memory/2026-03-09.md"
[2026-05-02T19:23:22.985Z] ITEM: "2026-03-10.md" | isFolder: false | path: "memory/2026-03-10.md"
[2026-05-02T19:23:22.985Z] ITEM: "2026-03-11.md" | isFolder: false | path: "memory/2026-03-11.md"
[2026-05-02T19:23:22.986Z] ITEM: "2026-03-12.md" | isFolder: false | path: "memory/2026-03-12.md"
[2026-05-02T19:23:22.986Z] ITEM: "2026-03-13.md" | isFolder: false | path: "memory/2026-03-13.md"
[2026-05-02T19:23:22.987Z] ITEM: "2026-03-14.md" | isFolder: false | path: "memory/2026-03-14.md"
[2026-05-02T19:23:22.987Z] ITEM: "2026-03-15.md" | isFolder: false | path: "memory/2026-03-15.md"
[2026-05-02T19:23:22.987Z] ITEM: "2026-03-16.md" | isFolder: false | path: "memory/2026-03-16.md"
[2026-05-02T19:23:22.988Z] ITEM: "2026-03-17.md" | isFolder: false | path: "memory/2026-03-17.md"
[2026-05-02T19:23:22.988Z] ITEM: "2026-03-18.md" | isFolder: false | path: "memory/2026-03-18.md"
[2026-05-02T19:23:22.988Z] ITEM: "2026-03-19.md" | isFolder: false | path: "memory/2026-03-19.md"
[2026-05-02T19:23:22.989Z] ITEM: "2026-03-20-summary.md" | isFolder: false | path: "memory/2026-03-20-summary.md"
[2026-05-02T19:23:22.989Z] ITEM: "2026-03-20.md" | isFolder: false | path: "memory/2026-03-20.md"
[2026-05-02T19:23:22.990Z] ITEM: "2026-03-21.md" | isFolder: false | path: "memory/2026-03-21.md"
[2026-05-02T19:23:22.990Z] ITEM: "2026-03-22.md" | isFolder: false | path: "memory/2026-03-22.md"
[2026-05-02T19:23:22.990Z] ITEM: "2026-03-23.md" | isFolder: false | path: "memory/2026-03-23.md"
[2026-05-02T19:23:22.991Z] ITEM: "2026-03-24.md" | isFolder: false | path: "memory/2026-03-24.md"
[2026-05-02T19:23:22.991Z] ITEM: "2026-03-25.md" | isFolder: false | path: "memory/2026-03-25.md"
[2026-05-02T19:23:22.992Z] ITEM: "2026-03-26.md" | isFolder: false | path: "memory/2026-03-26.md"
[2026-05-02T19:23:22.992Z] ITEM: "2026-03-27.md" | isFolder: false | path: "memory/2026-03-27.md"
[2026-05-02T19:23:22.992Z] ITEM: "2026-03-28.md" | isFolder: false | path: "memory/2026-03-28.md"
[2026-05-02T19:23:22.993Z] ITEM: "2026-03-29.md" | isFolder: false | path: "memory/2026-03-29.md"
[2026-05-02T19:23:22.993Z] ITEM: "2026-03-30.md" | isFolder: false | path: "memory/2026-03-30.md"
[2026-05-02T19:23:22.993Z] ITEM: "2026-03-31.md" | isFolder: false | path: "memory/2026-03-31.md"
[2026-05-02T19:23:22.994Z] ITEM: "2026-04-01.md" | isFolder: false | path: "memory/2026-04-01.md"
[2026-05-02T19:23:22.994Z] ITEM: "2026-04-02.md" | isFolder: false | path: "memory/2026-04-02.md"
[2026-05-02T19:23:22.995Z] ITEM: "2026-04-03-dashboard-error.md" | isFolder: false | path: "memory/2026-04-03-dashboard-error.md"
[2026-05-02T19:23:22.995Z] ITEM: "2026-04-03.md" | isFolder: false | path: "memory/2026-04-03.md"
[2026-05-02T19:23:22.996Z] ITEM: "2026-04-04-build-error.md" | isFolder: false | path: "memory/2026-04-04-build-error.md"
[2026-05-02T19:23:22.996Z] ITEM: "2026-04-04.md" | isFolder: false | path: "memory/2026-04-04.md"
[2026-05-02T19:23:22.996Z] ITEM: "2026-04-05.md" | isFolder: false | path: "memory/2026-04-05.md"
[2026-05-02T19:23:22.997Z] ITEM: "2026-04-06.md" | isFolder: false | path: "memory/2026-04-06.md"
[2026-05-02T19:23:22.998Z] ITEM: "2026-04-07.md" | isFolder: false | path: "memory/2026-04-07.md"
[2026-05-02T19:23:22.998Z] ITEM: "2026-04-08.md" | isFolder: false | path: "memory/2026-04-08.md"
[2026-05-02T19:23:22.998Z] ITEM: "2026-04-09.md" | isFolder: false | path: "memory/2026-04-09.md"
[2026-05-02T19:23:22.999Z] ITEM: "2026-04-10-new-haven-exhibition.md" | isFolder: false | path: "memory/2026-04-10-new-haven-exhibition.md"
[2026-05-02T19:23:22.999Z] ITEM: "2026-04-10.md" | isFolder: false | path: "memory/2026-04-10.md"
[2026-05-02T19:23:23.000Z] ITEM: "2026-04-11.md" | isFolder: false | path: "memory/2026-04-11.md"
[2026-05-02T19:23:23.000Z] ITEM: "2026-04-12.md" | isFolder: false | path: "memory/2026-04-12.md"
[2026-05-02T19:23:23.000Z] ITEM: "2026-04-13.md" | isFolder: false | path: "memory/2026-04-13.md"
[2026-05-02T19:23:23.001Z] ITEM: "2026-04-14.md" | isFolder: false | path: "memory/2026-04-14.md"
[2026-05-02T19:23:23.001Z] ITEM: "2026-04-15.md" | isFolder: false | path: "memory/2026-04-15.md"
[2026-05-02T19:23:23.001Z] ITEM: "2026-04-16.md" | isFolder: false | path: "memory/2026-04-16.md"
[2026-05-02T19:23:23.002Z] ITEM: "2026-04-17-1356.md" | isFolder: false | path: "memory/2026-04-17-1356.md"
[2026-05-02T19:23:23.002Z] ITEM: "2026-04-17-2329.md" | isFolder: false | path: "memory/2026-04-17-2329.md"
[2026-05-02T19:23:23.003Z] ITEM: "2026-04-17.md" | isFolder: false | path: "memory/2026-04-17.md"
[2026-05-02T19:23:23.003Z] ITEM: "2026-04-18.md" | isFolder: false | path: "memory/2026-04-18.md"
[2026-05-02T19:23:23.003Z] ITEM: "2026-04-19.md" | isFolder: false | path: "memory/2026-04-19.md"
[2026-05-02T19:23:23.004Z] ITEM: "2026-04-20.md" | isFolder: false | path: "memory/2026-04-20.md"
[2026-05-02T19:23:23.004Z] ITEM: "2026-04-21.md" | isFolder: false | path: "memory/2026-04-21.md"
[2026-05-02T19:23:23.004Z] ITEM: "2026-04-22.md" | isFolder: false | path: "memory/2026-04-22.md"
[2026-05-02T19:23:23.005Z] ITEM: "2026-04-23.md" | isFolder: false | path: "memory/2026-04-23.md"
[2026-05-02T19:23:23.005Z] ITEM: "2026-04-24.md" | isFolder: false | path: "memory/2026-04-24.md"
[2026-05-02T19:23:23.006Z] ITEM: "2026-04-25.md" | isFolder: false | path: "memory/2026-04-25.md"
[2026-05-02T19:23:23.006Z] ITEM: "2026-04-26.md" | isFolder: false | path: "memory/2026-04-26.md"
[2026-05-02T19:23:23.007Z] ITEM: "2026-04-27.md" | isFolder: false | path: "memory/2026-04-27.md"
[2026-05-02T19:23:23.007Z] ITEM: "2026-04-28.md" | isFolder: false | path: "memory/2026-04-28.md"
[2026-05-02T19:23:23.007Z] ITEM: "2026-04-29.md" | isFolder: false | path: "memory/2026-04-29.md"
[2026-05-02T19:23:23.008Z] ITEM: "2026-04-30.md" | isFolder: false | path: "memory/2026-04-30.md"
[2026-05-02T19:23:23.008Z] ITEM: "2026-05-01.md" | isFolder: false | path: "memory/2026-05-01.md"
[2026-05-02T19:23:23.008Z] ITEM: "2026-05-02.md" | isFolder: false | path: "memory/2026-05-02.md"
[2026-05-02T19:23:23.009Z] ITEM: "heartbeat-state.json" | isFolder: false | path: "memory/heartbeat-state.json"
[2026-05-02T19:23:23.009Z] ITEM: "memory-flush-2026-04-10" | isFolder: true | path: "memory/memory-flush-2026-04-10"
[2026-05-02T19:23:23.010Z] ITEM: "morning_kickoff_report_2026-04-24.md" | isFolder: false | path: "memory/morning_kickoff_report_2026-04-24.md"
[2026-05-02T19:23:23.011Z] ITEM: "morning_kickoff_report_2026-04-28.md" | isFolder: false | path: "memory/morning_kickoff_report_2026-04-28.md"
[2026-05-02T19:23:23.011Z] ITEM: "morning_kickoff_report_2026-04-29.md" | isFolder: false | path: "memory/morning_kickoff_report_2026-04-29.md"
[2026-05-02T19:23:23.011Z] ITEM: "morning_kickoff_report_2026-04-30.md" | isFolder: false | path: "memory/morning_kickoff_report_2026-04-30.md"
[2026-05-02T19:23:23.012Z] ITEM: "morning_kickoff_report_2026-05-02.md" | isFolder: false | path: "memory/morning_kickoff_report_2026-05-02.md"
[2026-05-02T19:23:23.045Z] LIST: "/docs/topics/conversation-summary"
[2026-05-02T19:23:23.045Z] ABSOLUTE: "C:\Users\tberg\.openclaw\workspace\docs\topics\conversation-summary"
[2026-05-02T19:23:23.046Z] FOUND: 2 items
[2026-05-02T19:23:23.046Z] ITEM: "2026-04-20-summary.md" | isFolder: false | path: "docs/topics/conversation-summary/2026-04-20-summary.md"
[2026-05-02T19:23:23.046Z] ITEM: "2026-04-21-summary.md" | isFolder: false | path: "docs/topics/conversation-summary/2026-04-21-summary.md"
[2026-05-02T19:23:28.227Z] LIST: "/docs/topics"
[2026-05-02T19:23:28.228Z] ABSOLUTE: "C:\Users\tberg\.openclaw\workspace\docs\topics"
[2026-05-02T19:23:28.228Z] FOUND: 3 items
[2026-05-02T19:23:28.229Z] ITEM: "conversation-summary" | isFolder: true | path: "docs/topics/conversation-summary"
[2026-05-02T19:23:28.229Z] ITEM: "evening-wrap-up" | isFolder: true | path: "docs/topics/evening-wrap-up"
[2026-05-02T19:23:28.229Z] ITEM: "general" | isFolder: true | path: "docs/topics/general"
[2026-05-02T19:23:29.632Z] LIST: "/docs"
[2026-05-02T19:23:29.632Z] ABSOLUTE: "C:\Users\tberg\.openclaw\workspace\docs"
[2026-05-02T19:23:29.633Z] FOUND: 9 items
[2026-05-02T19:23:29.633Z] ITEM: "concepts" | isFolder: true | path: "docs/concepts"
[2026-05-02T19:23:29.633Z] ITEM: "index.md" | isFolder: false | path: "docs/index.md"
[2026-05-02T19:23:29.634Z] ITEM: "lessons" | isFolder: true | path: "docs/lessons"
[2026-05-02T19:23:29.634Z] ITEM: "log.md" | isFolder: false | path: "docs/log.md"
[2026-05-02T19:23:29.635Z] ITEM: "Nightly-Log.md" | isFolder: false | path: "docs/Nightly-Log.md"
[2026-05-02T19:23:29.635Z] ITEM: "openclaw" | isFolder: true | path: "docs/openclaw"
[2026-05-02T19:23:29.635Z] ITEM: "projects" | isFolder: true | path: "docs/projects"
[2026-05-02T19:23:29.636Z] ITEM: "topics" | isFolder: true | path: "docs/topics"
[2026-05-02T19:23:29.636Z] ITEM: "Wiki-Guide.md" | isFolder: false | path: "docs/Wiki-Guide.md"
[2026-05-02T19:23:31.708Z] LIST: "/"
[2026-05-02T19:23:32.799Z] LIST: "/memory"
[2026-05-02T19:23:32.799Z] ABSOLUTE: "C:\Users\tberg\.openclaw\workspace\memory"
[2026-05-02T19:23:32.800Z] FOUND: 71 items
[2026-05-02T19:23:32.801Z] ITEM: ".dreams" | isFolder: true | path: "memory/.dreams"
[2026-05-02T19:23:32.801Z] ITEM: "2026-03-07.md" | isFolder: false | path: "memory/2026-03-07.md"
[2026-05-02T19:23:32.801Z] ITEM: "2026-03-08.md" | isFolder: false | path: "memory/2026-03-08.md"
[2026-05-02T19:23:32.802Z] ITEM: "2026-03-09.md" | isFolder: false | path: "memory/2026-03-09.md"
[2026-05-02T19:23:32.802Z] ITEM: "2026-03-10.md" | isFolder: false | path: "memory/2026-03-10.md"
[2026-05-02T19:23:32.803Z] ITEM: "2026-03-11.md" | isFolder: false | path: "memory/2026-03-11.md"
[2026-05-02T19:23:32.803Z] ITEM: "2026-03-12.md" | isFolder: false | path: "memory/2026-03-12.md"
[2026-05-02T19:23:32.804Z] ITEM: "2026-03-13.md" | isFolder: false | path: "memory/2026-03-13.md"
[2026-05-02T19:23:32.804Z] ITEM: "2026-03-14.md" | isFolder: false | path: "memory/2026-03-14.md"
[2026-05-02T19:23:32.804Z] ITEM: "2026-03-15.md" | isFolder: false | path: "memory/2026-03-15.md"
[2026-05-02T19:23:32.805Z] ITEM: "2026-03-16.md" | isFolder: false | path: "memory/2026-03-16.md"
[2026-05-02T19:23:32.805Z] ITEM: "2026-03-17.md" | isFolder: false | path: "memory/2026-03-17.md"
[2026-05-02T19:23:32.806Z] ITEM: "2026-03-18.md" | isFolder: false | path: "memory/2026-03-18.md"
[2026-05-02T19:23:32.806Z] ITEM: "2026-03-19.md" | isFolder: false | path: "memory/2026-03-19.md"
[2026-05-02T19:23:32.806Z] ITEM: "2026-03-20-summary.md" | isFolder: false | path: "memory/2026-03-20-summary.md"
[2026-05-02T19:23:32.807Z] ITEM: "2026-03-20.md" | isFolder: false | path: "memory/2026-03-20.md"
[2026-05-02T19:23:32.807Z] ITEM: "2026-03-21.md" | isFolder: false | path: "memory/2026-03-21.md"
[2026-05-02T19:23:32.808Z] ITEM: "2026-03-22.md" | isFolder: false | path: "memory/2026-03-22.md"
[2026-05-02T19:23:32.808Z] ITEM: "2026-03-23.md" | isFolder: false | path: "memory/2026-03-23.md"
[2026-05-02T19:23:32.808Z] ITEM: "2026-03-24.md" | isFolder: false | path: "memory/2026-03-24.md"
[2026-05-02T19:23:32.809Z] ITEM: "2026-03-25.md" | isFolder: false | path: "memory/2026-03-25.md"
[2026-05-02T19:23:32.809Z] ITEM: "2026-03-26.md" | isFolder: false | path: "memory/2026-03-26.md"
[2026-05-02T19:23:32.810Z] ITEM: "2026-03-27.md" | isFolder: false | path: "memory/2026-03-27.md"
[2026-05-02T19:23:32.810Z] ITEM: "2026-03-28.md" | isFolder: false | path: "memory/2026-03-28.md"
[2026-05-02T19:23:32.811Z] ITEM: "2026-03-29.md" | isFolder: false | path: "memory/2026-03-29.md"
[2026-05-02T19:23:32.811Z] ITEM: "2026-03-30.md" | isFolder: false | path: "memory/2026-03-30.md"
[2026-05-02T19:23:32.811Z] ITEM: "2026-03-31.md" | isFolder: false | path: "memory/2026-03-31.md"
[2026-05-02T19:23:32.812Z] ITEM: "2026-04-01.md" | isFolder: false | path: "memory/2026-04-01.md"
[2026-05-02T19:23:32.812Z] ITEM: "2026-04-02.md" | isFolder: false | path: "memory/2026-04-02.md"
[2026-05-02T19:23:32.812Z] ITEM: "2026-04-03-dashboard-error.md" | isFolder: false | path: "memory/2026-04-03-dashboard-error.md"
[2026-05-02T19:23:32.813Z] ITEM: "2026-04-03.md" | isFolder: false | path: "memory/2026-04-03.md"
[2026-05-02T19:23:32.813Z] ITEM: "2026-04-04-build-error.md" | isFolder: false | path: "memory/2026-04-04-build-error.md"
[2026-05-02T19:23:32.814Z] ITEM: "2026-04-04.md" | isFolder: false | path: "memory/2026-04-04.md"
[2026-05-02T19:23:32.814Z] ITEM: "2026-04-05.md" | isFolder: false | path: "memory/2026-04-05.md"
[2026-05-02T19:23:32.814Z] ITEM: "2026-04-06.md" | isFolder: false | path: "memory/2026-04-06.md"
[2026-05-02T19:23:32.815Z] ITEM: "2026-04-07.md" | isFolder: false | path: "memory/2026-04-07.md"
[2026-05-02T19:23:32.815Z] ITEM: "2026-04-08.md" | isFolder: false | path: "memory/2026-04-08.md"
[2026-05-02T19:23:32.816Z] ITEM: "2026-04-09.md" | isFolder: false | path: "memory/2026-04-09.md"
[2026-05-02T19:23:32.816Z] ITEM: "2026-04-10-new-haven-exhibition.md" | isFolder: false | path: "memory/2026-04-10-new-haven-exhibition.md"
[2026-05-02T19:23:32.817Z] ITEM: "2026-04-10.md" | isFolder: false | path: "memory/2026-04-10.md"
[2026-05-02T19:23:32.817Z] ITEM: "2026-04-11.md" | isFolder: false | path: "memory/2026-04-11.md"
[2026-05-02T19:23:32.817Z] ITEM: "2026-04-12.md" | isFolder: false | path: "memory/2026-04-12.md"
[2026-05-02T19:23:32.818Z] ITEM: "2026-04-13.md" | isFolder: false | path: "memory/2026-04-13.md"
[2026-05-02T19:23:32.818Z] ITEM: "2026-04-14.md" | isFolder: false | path: "memory/2026-04-14.md"
[2026-05-02T19:23:32.819Z] ITEM: "2026-04-15.md" | isFolder: false | path: "memory/2026-04-15.md"
[2026-05-02T19:23:32.819Z] ITEM: "2026-04-16.md" | isFolder: false | path: "memory/2026-04-16.md"
[2026-05-02T19:23:32.819Z] ITEM: "2026-04-17-1356.md" | isFolder: false | path: "memory/2026-04-17-1356.md"
[2026-05-02T19:23:32.820Z] ITEM: "2026-04-17-2329.md" | isFolder: false | path: "memory/2026-04-17-2329.md"
[2026-05-02T19:23:32.820Z] ITEM: "2026-04-17.md" | isFolder: false | path: "memory/2026-04-17.md"
[2026-05-02T19:23:32.820Z] ITEM: "2026-04-18.md" | isFolder: false | path: "memory/2026-04-18.md"
[2026-05-02T19:23:32.821Z] ITEM: "2026-04-19.md" | isFolder: false | path: "memory/2026-04-19.md"
[2026-05-02T19:23:32.821Z] ITEM: "2026-04-20.md" | isFolder: false | path: "memory/2026-04-20.md"
[2026-05-02T19:23:32.822Z] ITEM: "2026-04-21.md" | isFolder: false | path: "memory/2026-04-21.md"
[2026-05-02T19:23:32.822Z] ITEM: "2026-04-22.md" | isFolder: false | path: "memory/2026-04-22.md"
[2026-05-02T19:23:32.823Z] ITEM: "2026-04-23.md" | isFolder: false | path: "memory/2026-04-23.md"
[2026-05-02T19:23:32.823Z] ITEM: "2026-04-24.md" | isFolder: false | path: "memory/2026-04-24.md"
[2026-05-02T19:23:32.823Z] ITEM: "2026-04-25.md" | isFolder: false | path: "memory/2026-04-25.md"
[2026-05-02T19:23:32.824Z] ITEM: "2026-04-26.md" | isFolder: false | path: "memory/2026-04-26.md"
[2026-05-02T19:23:32.824Z] ITEM: "2026-04-27.md" | isFolder: false | path: "memory/2026-04-27.md"
[2026-05-02T19:23:32.824Z] ITEM: "2026-04-28.md" | isFolder: false | path: "memory/2026-04-28.md"
[2026-05-02T19:23:32.825Z] ITEM: "2026-04-29.md" | isFolder: false | path: "memory/2026-04-29.md"
[2026-05-02T19:23:32.825Z] ITEM: "2026-04-30.md" | isFolder: false | path: "memory/2026-04-30.md"
[2026-05-02T19:23:32.826Z] ITEM: "2026-05-01.md" | isFolder: false | path: "memory/2026-05-01.md"
[2026-05-02T19:23:32.826Z] ITEM: "2026-05-02.md" | isFolder: false | path: "memory/2026-05-02.md"
[2026-05-02T19:23:32.826Z] ITEM: "heartbeat-state.json" | isFolder: false | path: "memory/heartbeat-state.json"
[2026-05-02T19:23:32.827Z] ITEM: "memory-flush-2026-04-10" | isFolder: true | path: "memory/memory-flush-2026-04-10"
[2026-05-02T19:23:32.827Z] ITEM: "morning_kickoff_report_2026-04-24.md" | isFolder: false | path: "memory/morning_kickoff_report_2026-04-24.md"
[2026-05-02T19:23:32.828Z] ITEM: "morning_kickoff_report_2026-04-28.md" | isFolder: false | path: "memory/morning_kickoff_report_2026-04-28.md"
[2026-05-02T19:23:32.828Z] ITEM: "morning_kickoff_report_2026-04-29.md" | isFolder: false | path: "memory/morning_kickoff_report_2026-04-29.md"
[2026-05-02T19:23:32.828Z] ITEM: "morning_kickoff_report_2026-04-30.md" | isFolder: false | path: "memory/morning_kickoff_report_2026-04-30.md"
[2026-05-02T19:23:32.829Z] ITEM: "morning_kickoff_report_2026-05-02.md" | isFolder: false | path: "memory/morning_kickoff_report_2026-05-02.md"
[2026-05-02T19:23:33.929Z] LIST: "/docs/topics/conversation-summary"
[2026-05-02T19:23:33.930Z] ABSOLUTE: "C:\Users\tberg\.openclaw\workspace\docs\topics\conversation-summary"
[2026-05-02T19:23:33.930Z] FOUND: 1 items
[2026-05-02T19:23:33.931Z] ITEM: "2026-04-21-summary.md" | isFolder: false | path: "docs/topics/conversation-summary/2026-04-21-summary.md"
[2026-05-02T19:23:36.662Z] LIST: "/memory"
[2026-05-02T19:23:36.663Z] ABSOLUTE: "C:\Users\tberg\.openclaw\workspace\memory"
[2026-05-02T19:23:36.663Z] FOUND: 72 items
[2026-05-02T19:23:36.664Z] ITEM: ".dreams" | isFolder: true | path: "memory/.dreams"
[2026-05-02T19:23:36.664Z] ITEM: "2026-03-07.md" | isFolder: false | path: "memory/2026-03-07.md"
[2026-05-02T19:23:36.665Z] ITEM: "2026-03-08.md" | isFolder: false | path: "memory/2026-03-08.md"
[2026-05-02T19:23:36.666Z] ITEM: "2026-03-09.md" | isFolder: false | path: "memory/2026-03-09.md"
[2026-05-02T19:23:36.666Z] ITEM: "2026-03-10.md" | isFolder: false | path: "memory/2026-03-10.md"
[2026-05-02T19:23:36.666Z] ITEM: "2026-03-11.md" | isFolder: false | path: "memory/2026-03-11.md"
[2026-05-02T19:23:36.667Z] ITEM: "2026-03-12.md" | isFolder: false | path: "memory/2026-03-12.md"
[2026-05-02T19:23:36.667Z] ITEM: "2026-03-13.md" | isFolder: false | path: "memory/2026-03-13.md"
[2026-05-02T19:23:36.667Z] ITEM: "2026-03-14.md" | isFolder: false | path: "memory/2026-03-14.md"
[2026-05-02T19:23:36.668Z] ITEM: "2026-03-15.md" | isFolder: false | path: "memory/2026-03-15.md"
[2026-05-02T19:23:36.668Z] ITEM: "2026-03-16.md" | isFolder: false | path: "memory/2026-03-16.md"
[2026-05-02T19:23:36.669Z] ITEM: "2026-03-17.md" | isFolder: false | path: "memory/2026-03-17.md"
[2026-05-02T19:23:36.669Z] ITEM: "2026-03-18.md" | isFolder: false | path: "memory/2026-03-18.md"
[2026-05-02T19:23:36.669Z] ITEM: "2026-03-19.md" | isFolder: false | path: "memory/2026-03-19.md"
[2026-05-02T19:23:36.670Z] ITEM: "2026-03-20-summary.md" | isFolder: false | path: "memory/2026-03-20-summary.md"
[2026-05-02T19:23:36.670Z] ITEM: "2026-03-20.md" | isFolder: false | path: "memory/2026-03-20.md"
[2026-05-02T19:23:36.671Z] ITEM: "2026-03-21.md" | isFolder: false | path: "memory/2026-03-21.md"
[2026-05-02T19:23:36.671Z] ITEM: "2026-03-22.md" | isFolder: false | path: "memory/2026-03-22.md"
[2026-05-02T19:23:36.671Z] ITEM: "2026-03-23.md" | isFolder: false | path: "memory/2026-03-23.md"
[2026-05-02T19:23:36.672Z] ITEM: "2026-03-24.md" | isFolder: false | path: "memory/2026-03-24.md"
[2026-05-02T19:23:36.672Z] ITEM: "2026-03-25.md" | isFolder: false | path: "memory/2026-03-25.md"
[2026-05-02T19:23:36.672Z] ITEM: "2026-03-26.md" | isFolder: false | path: "memory/2026-03-26.md"
[2026-05-02T19:23:36.673Z] ITEM: "2026-03-27.md" | isFolder: false | path: "memory/2026-03-27.md"
[2026-05-02T19:23:36.673Z] ITEM: "2026-03-28.md" | isFolder: false | path: "memory/2026-03-28.md"
[2026-05-02T19:23:36.673Z] ITEM: "2026-03-29.md" | isFolder: false | path: "memory/2026-03-29.md"
[2026-05-02T19:23:36.674Z] ITEM: "2026-03-30.md" | isFolder: false | path: "memory/2026-03-30.md"
[2026-05-02T19:23:36.674Z] ITEM: "2026-03-31.md" | isFolder: false | path: "memory/2026-03-31.md"
[2026-05-02T19:23:36.675Z] ITEM: "2026-04-01.md" | isFolder: false | path: "memory/2026-04-01.md"
[2026-05-02T19:23:36.675Z] ITEM: "2026-04-02.md" | isFolder: false | path: "memory/2026-04-02.md"
[2026-05-02T19:23:36.675Z] ITEM: "2026-04-03-dashboard-error.md" | isFolder: false | path: "memory/2026-04-03-dashboard-error.md"
[2026-05-02T19:23:36.676Z] ITEM: "2026-04-03.md" | isFolder: false | path: "memory/2026-04-03.md"
[2026-05-02T19:23:36.676Z] ITEM: "2026-04-04-build-error.md" | isFolder: false | path: "memory/2026-04-04-build-error.md"
[2026-05-02T19:23:36.676Z] ITEM: "2026-04-04.md" | isFolder: false | path: "memory/2026-04-04.md"
[2026-05-02T19:23:36.677Z] ITEM: "2026-04-05.md" | isFolder: false | path: "memory/2026-04-05.md"
[2026-05-02T19:23:36.677Z] ITEM: "2026-04-06.md" | isFolder: false | path: "memory/2026-04-06.md"
[2026-05-02T19:23:36.678Z] ITEM: "2026-04-07.md" | isFolder: false | path: "memory/2026-04-07.md"
[2026-05-02T19:23:36.678Z] ITEM: "2026-04-08.md" | isFolder: false | path: "memory/2026-04-08.md"
[2026-05-02T19:23:36.678Z] ITEM: "2026-04-09.md" | isFolder: false | path: "memory/2026-04-09.md"
[2026-05-02T19:23:36.679Z] ITEM: "2026-04-10-new-haven-exhibition.md" | isFolder: false | path: "memory/2026-04-10-new-haven-exhibition.md"
[2026-05-02T19:23:36.679Z] ITEM: "2026-04-10.md" | isFolder: false | path: "memory/2026-04-10.md"
[2026-05-02T19:23:36.680Z] ITEM: "2026-04-11.md" | isFolder: false | path: "memory/2026-04-11.md"
[2026-05-02T19:23:36.680Z] ITEM: "2026-04-12.md" | isFolder: false | path: "memory/2026-04-12.md"
[2026-05-02T19:23:36.680Z] ITEM: "2026-04-13.md" | isFolder: false | path: "memory/2026-04-13.md"
[2026-05-02T19:23:36.681Z] ITEM: "2026-04-14.md" | isFolder: false | path: "memory/2026-04-14.md"
[2026-05-02T19:23:36.681Z] ITEM: "2026-04-15.md" | isFolder: false | path: "memory/2026-04-15.md"
[2026-05-02T19:23:36.681Z] ITEM: "2026-04-16.md" | isFolder: false | path: "memory/2026-04-16.md"
[2026-05-02T19:23:36.682Z] ITEM: "2026-04-17-1356.md" | isFolder: false | path: "memory/2026-04-17-1356.md"
[2026-05-02T19:23:36.682Z] ITEM: "2026-04-17-2329.md" | isFolder: false | path: "memory/2026-04-17-2329.md"
[2026-05-02T19:23:36.683Z] ITEM: "2026-04-17.md" | isFolder: false | path: "memory/2026-04-17.md"
[2026-05-02T19:23:36.683Z] ITEM: "2026-04-18.md" | isFolder: false | path: "memory/2026-04-18.md"
[2026-05-02T19:23:36.683Z] ITEM: "2026-04-19.md" | isFolder: false | path: "memory/2026-04-19.md"
[2026-05-02T19:23:36.684Z] ITEM: "2026-04-20-summary.md" | isFolder: false | path: "memory/2026-04-20-summary.md"
[2026-05-02T19:23:36.684Z] ITEM: "2026-04-20.md" | isFolder: false | path: "memory/2026-04-20.md"
[2026-05-02T19:23:36.685Z] ITEM: "2026-04-21.md" | isFolder: false | path: "memory/2026-04-21.md"
[2026-05-02T19:23:36.685Z] ITEM: "2026-04-22.md" | isFolder: false | path: "memory/2026-04-22.md"
[2026-05-02T19:23:36.685Z] ITEM: "2026-04-23.md" | isFolder: false | path: "memory/2026-04-23.md"
[2026-05-02T19:23:36.686Z] ITEM: "2026-04-24.md" | isFolder: false | path: "memory/2026-04-24.md"
[2026-05-02T19:23:36.686Z] ITEM: "2026-04-25.md" | isFolder: false | path: "memory/2026-04-25.md"
[2026-05-02T19:23:36.687Z] ITEM: "2026-04-26.md" | isFolder: false | path: "memory/2026-04-26.md"
[2026-05-02T19:23:36.687Z] ITEM: "2026-04-27.md" | isFolder: false | path: "memory/2026-04-27.md"
[2026-05-02T19:23:36.687Z] ITEM: "2026-04-28.md" | isFolder: false | path: "memory/2026-04-28.md"
[2026-05-02T19:23:36.688Z] ITEM: "2026-04-29.md" | isFolder: false | path: "memory/2026-04-29.md"
[2026-05-02T19:23:36.688Z] ITEM: "2026-04-30.md" | isFolder: false | path: "memory/2026-04-30.md"
[2026-05-02T19:23:36.689Z] ITEM: "2026-05-01.md" | isFolder: false | path: "memory/2026-05-01.md"
[2026-05-02T19:23:36.689Z] ITEM: "2026-05-02.md" | isFolder: false | path: "memory/2026-05-02.md"
[2026-05-02T19:23:36.689Z] ITEM: "heartbeat-state.json" | isFolder: false | path: "memory/heartbeat-state.json"
[2026-05-02T19:23:36.690Z] ITEM: "memory-flush-2026-04-10" | isFolder: true | path: "memory/memory-flush-2026-04-10"
[2026-05-02T19:23:36.690Z] ITEM: "morning_kickoff_report_2026-04-24.md" | isFolder: false | path: "memory/morning_kickoff_report_2026-04-24.md"
[2026-05-02T19:23:36.691Z] ITEM: "morning_kickoff_report_2026-04-28.md" | isFolder: false | path: "memory/morning_kickoff_report_2026-04-28.md"
[2026-05-02T19:23:36.691Z] ITEM: "morning_kickoff_report_2026-04-29.md" | isFolder: false | path: "memory/morning_kickoff_report_2026-04-29.md"
[2026-05-02T19:23:36.691Z] ITEM: "morning_kickoff_report_2026-04-30.md" | isFolder: false | path: "memory/morning_kickoff_report_2026-04-30.md"
[2026-05-02T19:23:36.692Z] ITEM: "morning_kickoff_report_2026-05-02.md" | isFolder: false | path: "memory/morning_kickoff_report_2026-05-02.md"
[2026-05-02T19:23:36.720Z] LIST: "/docs/topics/conversation-summary"
[2026-05-02T19:23:36.721Z] ABSOLUTE: "C:\Users\tberg\.openclaw\workspace\docs\topics\conversation-summary"
[2026-05-02T19:23:36.721Z] FOUND: 1 items
[2026-05-02T19:23:36.722Z] ITEM: "2026-04-21-summary.md" | isFolder: false | path: "docs/topics/conversation-summary/2026-04-21-summary.md"
[2026-05-02T19:23:40.182Z] LIST: "/docs/topics"
[2026-05-02T19:23:40.183Z] ABSOLUTE: "C:\Users\tberg\.openclaw\workspace\docs\topics"
[2026-05-02T19:23:40.183Z] FOUND: 3 items
[2026-05-02T19:23:40.184Z] ITEM: "conversation-summary" | isFolder: true | path: "docs/topics/conversation-summary"
[2026-05-02T19:23:40.185Z] ITEM: "evening-wrap-up" | isFolder: true | path: "docs/topics/evening-wrap-up"
[2026-05-02T19:23:40.185Z] ITEM: "general" | isFolder: true | path: "docs/topics/general"
[2026-05-02T19:23:42.698Z] LIST: "/docs"
[2026-05-02T19:23:42.699Z] ABSOLUTE: "C:\Users\tberg\.openclaw\workspace\docs"
[2026-05-02T19:23:42.699Z] FOUND: 9 items
[2026-05-02T19:23:42.700Z] ITEM: "concepts" | isFolder: true | path: "docs/concepts"
[2026-05-02T19:23:42.700Z] ITEM: "index.md" | isFolder: false | path: "docs/index.md"
[2026-05-02T19:23:42.700Z] ITEM: "lessons" | isFolder: true | path: "docs/lessons"
[2026-05-02T19:23:42.701Z] ITEM: "log.md" | isFolder: false | path: "docs/log.md"
[2026-05-02T19:23:42.701Z] ITEM: "Nightly-Log.md" | isFolder: false | path: "docs/Nightly-Log.md"
[2026-05-02T19:23:42.701Z] ITEM: "openclaw" | isFolder: true | path: "docs/openclaw"
[2026-05-02T19:23:42.702Z] ITEM: "projects" | isFolder: true | path: "docs/projects"
[2026-05-02T19:23:42.702Z] ITEM: "topics" | isFolder: true | path: "docs/topics"
[2026-05-02T19:23:42.703Z] ITEM: "Wiki-Guide.md" | isFolder: false | path: "docs/Wiki-Guide.md"
[2026-05-02T19:23:43.980Z] LIST: "/"
[2026-05-02T19:23:45.138Z] LIST: "/memory"
[2026-05-02T19:23:45.138Z] ABSOLUTE: "C:\Users\tberg\.openclaw\workspace\memory"
[2026-05-02T19:23:45.139Z] FOUND: 72 items
[2026-05-02T19:23:45.139Z] ITEM: ".dreams" | isFolder: true | path: "memory/.dreams"
[2026-05-02T19:23:45.139Z] ITEM: "2026-03-07.md" | isFolder: false | path: "memory/2026-03-07.md"
[2026-05-02T19:23:45.140Z] ITEM: "2026-03-08.md" | isFolder: false | path: "memory/2026-03-08.md"
[2026-05-02T19:23:45.140Z] ITEM: "2026-03-09.md" | isFolder: false | path: "memory/2026-03-09.md"
[2026-05-02T19:23:45.141Z] ITEM: "2026-03-10.md" | isFolder: false | path: "memory/2026-03-10.md"
[2026-05-02T19:23:45.141Z] ITEM: "2026-03-11.md" | isFolder: false | path: "memory/2026-03-11.md"
[2026-05-02T19:23:45.141Z] ITEM: "2026-03-12.md" | isFolder: false | path: "memory/2026-03-12.md"
[2026-05-02T19:23:45.142Z] ITEM: "2026-03-13.md" | isFolder: false | path: "memory/2026-03-13.md"
[2026-05-02T19:23:45.142Z] ITEM: "2026-03-14.md" | isFolder: false | path: "memory/2026-03-14.md"
[2026-05-02T19:23:45.143Z] ITEM: "2026-03-15.md" | isFolder: false | path: "memory/2026-03-15.md"
[2026-05-02T19:23:45.143Z] ITEM: "2026-03-16.md" | isFolder: false | path: "memory/2026-03-16.md"
[2026-05-02T19:23:45.143Z] ITEM: "2026-03-17.md" | isFolder: false | path: "memory/2026-03-17.md"
[2026-05-02T19:23:45.144Z] ITEM: "2026-03-18.md" | isFolder: false | path: "memory/2026-03-18.md"
[2026-05-02T19:23:45.144Z] ITEM: "2026-03-19.md" | isFolder: false | path: "memory/2026-03-19.md"
[2026-05-02T19:23:45.144Z] ITEM: "2026-03-20-summary.md" | isFolder: false | path: "memory/2026-03-20-summary.md"
[2026-05-02T19:23:45.145Z] ITEM: "2026-03-20.md" | isFolder: false | path: "memory/2026-03-20.md"
[2026-05-02T19:23:45.145Z] ITEM: "2026-03-21.md" | isFolder: false | path: "memory/2026-03-21.md"
[2026-05-02T19:23:45.146Z] ITEM: "2026-03-22.md" | isFolder: false | path: "memory/2026-03-22.md"
[2026-05-02T19:23:45.146Z] ITEM: "2026-03-23.md" | isFolder: false | path: "memory/2026-03-23.md"
[2026-05-02T19:23:45.146Z] ITEM: "2026-03-24.md" | isFolder: false | path: "memory/2026-03-24.md"
[2026-05-02T19:23:45.147Z] ITEM: "2026-03-25.md" | isFolder: false | path: "memory/2026-03-25.md"
[2026-05-02T19:23:45.147Z] ITEM: "2026-03-26.md" | isFolder: false | path: "memory/2026-03-26.md"
[2026-05-02T19:23:45.148Z] ITEM: "2026-03-27.md" | isFolder: false | path: "memory/2026-03-27.md"
[2026-05-02T19:23:45.148Z] ITEM: "2026-03-28.md" | isFolder: false | path: "memory/2026-03-28.md"
[2026-05-02T19:23:45.148Z] ITEM: "2026-03-29.md" | isFolder: false | path: "memory/2026-03-29.md"
[2026-05-02T19:23:45.149Z] ITEM: "2026-03-30.md" | isFolder: false | path: "memory/2026-03-30.md"
[2026-05-02T19:23:45.149Z] ITEM: "2026-03-31.md" | isFolder: false | path: "memory/2026-03-31.md"
[2026-05-02T19:23:45.150Z] ITEM: "2026-04-01.md" | isFolder: false | path: "memory/2026-04-01.md"
[2026-05-02T19:23:45.150Z] ITEM: "2026-04-02.md" | isFolder: false | path: "memory/2026-04-02.md"
[2026-05-02T19:23:45.150Z] ITEM: "2026-04-03-dashboard-error.md" | isFolder: false | path: "memory/2026-04-03-dashboard-error.md"
[2026-05-02T19:23:45.151Z] ITEM: "2026-04-03.md" | isFolder: false | path: "memory/2026-04-03.md"
[2026-05-02T19:23:45.151Z] ITEM: "2026-04-04-build-error.md" | isFolder: false | path: "memory/2026-04-04-build-error.md"
[2026-05-02T19:23:45.152Z] ITEM: "2026-04-04.md" | isFolder: false | path: "memory/2026-04-04.md"
[2026-05-02T19:23:45.152Z] ITEM: "2026-04-05.md" | isFolder: false | path: "memory/2026-04-05.md"
[2026-05-02T19:23:45.152Z] ITEM: "2026-04-06.md" | isFolder: false | path: "memory/2026-04-06.md"
[2026-05-02T19:23:45.153Z] ITEM: "2026-04-07.md" | isFolder: false | path: "memory/2026-04-07.md"
[2026-05-02T19:23:45.154Z] ITEM: "2026-04-08.md" | isFolder: false | path: "memory/2026-04-08.md"
[2026-05-02T19:23:45.154Z] ITEM: "2026-04-09.md" | isFolder: false | path: "memory/2026-04-09.md"
[2026-05-02T19:23:45.155Z] ITEM: "2026-04-10-new-haven-exhibition.md" | isFolder: false | path: "memory/2026-04-10-new-haven-exhibition.md"
[2026-05-02T19:23:45.155Z] ITEM: "2026-04-10.md" | isFolder: false | path: "memory/2026-04-10.md"
[2026-05-02T19:23:45.155Z] ITEM: "2026-04-11.md" | isFolder: false | path: "memory/2026-04-11.md"
[2026-05-02T19:23:45.156Z] ITEM: "2026-04-12.md" | isFolder: false | path: "memory/2026-04-12.md"
[2026-05-02T19:23:45.156Z] ITEM: "2026-04-13.md" | isFolder: false | path: "memory/2026-04-13.md"
[2026-05-02T19:23:45.156Z] ITEM: "2026-04-14.md" | isFolder: false | path: "memory/2026-04-14.md"
[2026-05-02T19:23:45.157Z] ITEM: "2026-04-15.md" | isFolder: false | path: "memory/2026-04-15.md"
[2026-05-02T19:23:45.157Z] ITEM: "2026-04-16.md" | isFolder: false | path: "memory/2026-04-16.md"
[2026-05-02T19:23:45.158Z] ITEM: "2026-04-17-1356.md" | isFolder: false | path: "memory/2026-04-17-1356.md"
[2026-05-02T19:23:45.158Z] ITEM: "2026-04-17-2329.md" | isFolder: false | path: "memory/2026-04-17-2329.md"
[2026-05-02T19:23:45.158Z] ITEM: "2026-04-17.md" | isFolder: false | path: "memory/2026-04-17.md"
[2026-05-02T19:23:45.159Z] ITEM: "2026-04-18.md" | isFolder: false | path: "memory/2026-04-18.md"
[2026-05-02T19:23:45.159Z] ITEM: "2026-04-19.md" | isFolder: false | path: "memory/2026-04-19.md"
[2026-05-02T19:23:45.160Z] ITEM: "2026-04-20-summary.md" | isFolder: false | path: "memory/2026-04-20-summary.md"
[2026-05-02T19:23:45.160Z] ITEM: "2026-04-20.md" | isFolder: false | path: "memory/2026-04-20.md"
[2026-05-02T19:23:45.160Z] ITEM: "2026-04-21.md" | isFolder: false | path: "memory/2026-04-21.md"
[2026-05-02T19:23:45.161Z] ITEM: "2026-04-22.md" | isFolder: false | path: "memory/2026-04-22.md"
[2026-05-02T19:23:45.161Z] ITEM: "2026-04-23.md" | isFolder: false | path: "memory/2026-04-23.md"
[2026-05-02T19:23:45.162Z] ITEM: "2026-04-24.md" | isFolder: false | path: "memory/2026-04-24.md"
[2026-05-02T19:23:45.162Z] ITEM: "2026-04-25.md" | isFolder: false | path: "memory/2026-04-25.md"
[2026-05-02T19:23:45.162Z] ITEM: "2026-04-26.md" | isFolder: false | path: "memory/2026-04-26.md"
[2026-05-02T19:23:45.163Z] ITEM: "2026-04-27.md" | isFolder: false | path: "memory/2026-04-27.md"
[2026-05-02T19:23:45.163Z] ITEM: "2026-04-28.md" | isFolder: false | path: "memory/2026-04-28.md"
[2026-05-02T19:23:45.163Z] ITEM: "2026-04-29.md" | isFolder: false | path: "memory/2026-04-29.md"
[2026-05-02T19:23:45.164Z] ITEM: "2026-04-30.md" | isFolder: false | path: "memory/2026-04-30.md"
[2026-05-02T19:23:45.164Z] ITEM: "2026-05-01.md" | isFolder: false | path: "memory/2026-05-01.md"
[2026-05-02T19:23:45.165Z] ITEM: "2026-05-02.md" | isFolder: false | path: "memory/2026-05-02.md"
[2026-05-02T19:23:45.165Z] ITEM: "heartbeat-state.json" | isFolder: false | path: "memory/heartbeat-state.json"
[2026-05-02T19:23:45.165Z] ITEM: "memory-flush-2026-04-10" | isFolder: true | path: "memory/memory-flush-2026-04-10"
[2026-05-02T19:23:45.166Z] ITEM: "morning_kickoff_report_2026-04-24.md" | isFolder: false | path: "memory/morning_kickoff_report_2026-04-24.md"
[2026-05-02T19:23:45.166Z] ITEM: "morning_kickoff_report_2026-04-28.md" | isFolder: false | path: "memory/morning_kickoff_report_2026-04-28.md"
[2026-05-02T19:23:45.167Z] ITEM: "morning_kickoff_report_2026-04-29.md" | isFolder: false | path: "memory/morning_kickoff_report_2026-04-29.md"
[2026-05-02T19:23:45.167Z] ITEM: "morning_kickoff_report_2026-04-30.md" | isFolder: false | path: "memory/morning_kickoff_report_2026-04-30.md"
[2026-05-02T19:23:45.167Z] ITEM: "morning_kickoff_report_2026-05-02.md" | isFolder: false | path: "memory/morning_kickoff_report_2026-05-02.md"
[2026-05-02T19:23:45.959Z] LIST: "/docs/topics/conversation-summary"
[2026-05-02T19:23:45.959Z] ABSOLUTE: "C:\Users\tberg\.openclaw\workspace\docs\topics\conversation-summary"
[2026-05-02T19:23:45.960Z] FOUND: 0 items
[2026-05-02T19:23:49.129Z] LIST: "/docs/topics"
[2026-05-02T19:23:49.130Z] ABSOLUTE: "C:\Users\tberg\.openclaw\workspace\docs\topics"
[2026-05-02T19:23:49.130Z] FOUND: 3 items
[2026-05-02T19:23:49.131Z] ITEM: "conversation-summary" | isFolder: true | path: "docs/topics/conversation-summary"
[2026-05-02T19:23:49.131Z] ITEM: "evening-wrap-up" | isFolder: true | path: "docs/topics/evening-wrap-up"
[2026-05-02T19:23:49.132Z] ITEM: "general" | isFolder: true | path: "docs/topics/general"
[2026-05-02T19:23:53.960Z] LIST: "/docs/topics"
[2026-05-02T19:23:53.961Z] ABSOLUTE: "C:\Users\tberg\.openclaw\workspace\docs\topics"
[2026-05-02T19:23:53.961Z] FOUND: 2 items
[2026-05-02T19:23:53.962Z] ITEM: "evening-wrap-up" | isFolder: true | path: "docs/topics/evening-wrap-up"
[2026-05-02T19:23:53.962Z] ITEM: "general" | isFolder: true | path: "docs/topics/general"
[2026-05-02T19:23:55.465Z] LIST: "/docs/topics/evening-wrap-up"
[2026-05-02T19:23:55.465Z] ABSOLUTE: "C:\Users\tberg\.openclaw\workspace\docs\topics\evening-wrap-up"
[2026-05-02T19:23:55.466Z] FOUND: 1 items
[2026-05-02T19:23:55.466Z] ITEM: "2026-03-24-summary.md" | isFolder: false | path: "docs/topics/evening-wrap-up/2026-03-24-summary.md"
[2026-05-02T19:23:57.582Z] LIST: "/memory"
[2026-05-02T19:23:57.583Z] ABSOLUTE: "C:\Users\tberg\.openclaw\workspace\memory"
[2026-05-02T19:23:57.583Z] FOUND: 73 items
[2026-05-02T19:23:57.583Z] ITEM: ".dreams" | isFolder: true | path: "memory/.dreams"
[2026-05-02T19:23:57.584Z] ITEM: "2026-03-07.md" | isFolder: false | path: "memory/2026-03-07.md"
[2026-05-02T19:23:57.584Z] ITEM: "2026-03-08.md" | isFolder: false | path: "memory/2026-03-08.md"
[2026-05-02T19:23:57.585Z] ITEM: "2026-03-09.md" | isFolder: false | path: "memory/2026-03-09.md"
[2026-05-02T19:23:57.585Z] ITEM: "2026-03-10.md" | isFolder: false | path: "memory/2026-03-10.md"
[2026-05-02T19:23:57.585Z] ITEM: "2026-03-11.md" | isFolder: false | path: "memory/2026-03-11.md"
[2026-05-02T19:23:57.586Z] ITEM: "2026-03-12.md" | isFolder: false | path: "memory/2026-03-12.md"
[2026-05-02T19:23:57.586Z] ITEM: "2026-03-13.md" | isFolder: false | path: "memory/2026-03-13.md"
[2026-05-02T19:23:57.587Z] ITEM: "2026-03-14.md" | isFolder: false | path: "memory/2026-03-14.md"
[2026-05-02T19:23:57.587Z] ITEM: "2026-03-15.md" | isFolder: false | path: "memory/2026-03-15.md"
[2026-05-02T19:23:57.587Z] ITEM: "2026-03-16.md" | isFolder: false | path: "memory/2026-03-16.md"
[2026-05-02T19:23:57.588Z] ITEM: "2026-03-17.md" | isFolder: false | path: "memory/2026-03-17.md"
[2026-05-02T19:23:57.588Z] ITEM: "2026-03-18.md" | isFolder: false | path: "memory/2026-03-18.md"
[2026-05-02T19:23:57.589Z] ITEM: "2026-03-19.md" | isFolder: false | path: "memory/2026-03-19.md"
[2026-05-02T19:23:57.589Z] ITEM: "2026-03-20-summary.md" | isFolder: false | path: "memory/2026-03-20-summary.md"
[2026-05-02T19:23:57.589Z] ITEM: "2026-03-20.md" | isFolder: false | path: "memory/2026-03-20.md"
[2026-05-02T19:23:57.590Z] ITEM: "2026-03-21.md" | isFolder: false | path: "memory/2026-03-21.md"
[2026-05-02T19:23:57.590Z] ITEM: "2026-03-22.md" | isFolder: false | path: "memory/2026-03-22.md"
[2026-05-02T19:23:57.591Z] ITEM: "2026-03-23.md" | isFolder: false | path: "memory/2026-03-23.md"
[2026-05-02T19:23:57.591Z] ITEM: "2026-03-24.md" | isFolder: false | path: "memory/2026-03-24.md"
[2026-05-02T19:23:57.591Z] ITEM: "2026-03-25.md" | isFolder: false | path: "memory/2026-03-25.md"
[2026-05-02T19:23:57.592Z] ITEM: "2026-03-26.md" | isFolder: false | path: "memory/2026-03-26.md"
[2026-05-02T19:23:57.592Z] ITEM: "2026-03-27.md" | isFolder: false | path: "memory/2026-03-27.md"
[2026-05-02T19:23:57.593Z] ITEM: "2026-03-28.md" | isFolder: false | path: "memory/2026-03-28.md"
[2026-05-02T19:23:57.593Z] ITEM: "2026-03-29.md" | isFolder: false | path: "memory/2026-03-29.md"
[2026-05-02T19:23:57.593Z] ITEM: "2026-03-30.md" | isFolder: false | path: "memory/2026-03-30.md"
[2026-05-02T19:23:57.594Z] ITEM: "2026-03-31.md" | isFolder: false | path: "memory/2026-03-31.md"
[2026-05-02T19:23:57.594Z] ITEM: "2026-04-01.md" | isFolder: false | path: "memory/2026-04-01.md"
[2026-05-02T19:23:57.594Z] ITEM: "2026-04-02.md" | isFolder: false | path: "memory/2026-04-02.md"
[2026-05-02T19:23:57.595Z] ITEM: "2026-04-03-dashboard-error.md" | isFolder: false | path: "memory/2026-04-03-dashboard-error.md"
[2026-05-02T19:23:57.595Z] ITEM: "2026-04-03.md" | isFolder: false | path: "memory/2026-04-03.md"
[2026-05-02T19:23:57.596Z] ITEM: "2026-04-04-build-error.md" | isFolder: false | path: "memory/2026-04-04-build-error.md"
[2026-05-02T19:23:57.596Z] ITEM: "2026-04-04.md" | isFolder: false | path: "memory/2026-04-04.md"
[2026-05-02T19:23:57.596Z] ITEM: "2026-04-05.md" | isFolder: false | path: "memory/2026-04-05.md"
[2026-05-02T19:23:57.597Z] ITEM: "2026-04-06.md" | isFolder: false | path: "memory/2026-04-06.md"
[2026-05-02T19:23:57.597Z] ITEM: "2026-04-07.md" | isFolder: false | path: "memory/2026-04-07.md"
[2026-05-02T19:23:57.598Z] ITEM: "2026-04-08.md" | isFolder: false | path: "memory/2026-04-08.md"
[2026-05-02T19:23:57.598Z] ITEM: "2026-04-09.md" | isFolder: false | path: "memory/2026-04-09.md"
[2026-05-02T19:23:57.598Z] ITEM: "2026-04-10-new-haven-exhibition.md" | isFolder: false | path: "memory/2026-04-10-new-haven-exhibition.md"
[2026-05-02T19:23:57.599Z] ITEM: "2026-04-10.md" | isFolder: false | path: "memory/2026-04-10.md"
[2026-05-02T19:23:57.599Z] ITEM: "2026-04-11.md" | isFolder: false | path: "memory/2026-04-11.md"
[2026-05-02T19:23:57.600Z] ITEM: "2026-04-12.md" | isFolder: false | path: "memory/2026-04-12.md"
[2026-05-02T19:23:57.600Z] ITEM: "2026-04-13.md" | isFolder: false | path: "memory/2026-04-13.md"
[2026-05-02T19:23:57.600Z] ITEM: "2026-04-14.md" | isFolder: false | path: "memory/2026-04-14.md"
[2026-05-02T19:23:57.601Z] ITEM: "2026-04-15.md" | isFolder: false | path: "memory/2026-04-15.md"
[2026-05-02T19:23:57.601Z] ITEM: "2026-04-16.md" | isFolder: false | path: "memory/2026-04-16.md"
[2026-05-02T19:23:57.602Z] ITEM: "2026-04-17-1356.md" | isFolder: false | path: "memory/2026-04-17-1356.md"
[2026-05-02T19:23:57.602Z] ITEM: "2026-04-17-2329.md" | isFolder: false | path: "memory/2026-04-17-2329.md"
[2026-05-02T19:23:57.602Z] ITEM: "2026-04-17.md" | isFolder: false | path: "memory/2026-04-17.md"
[2026-05-02T19:23:57.603Z] ITEM: "2026-04-18.md" | isFolder: false | path: "memory/2026-04-18.md"
[2026-05-02T19:23:57.603Z] ITEM: "2026-04-19.md" | isFolder: false | path: "memory/2026-04-19.md"
[2026-05-02T19:23:57.604Z] ITEM: "2026-04-20-summary.md" | isFolder: false | path: "memory/2026-04-20-summary.md"
[2026-05-02T19:23:57.604Z] ITEM: "2026-04-20.md" | isFolder: false | path: "memory/2026-04-20.md"
[2026-05-02T19:23:57.604Z] ITEM: "2026-04-21-summary.md" | isFolder: false | path: "memory/2026-04-21-summary.md"
[2026-05-02T19:23:57.605Z] ITEM: "2026-04-21.md" | isFolder: false | path: "memory/2026-04-21.md"
[2026-05-02T19:23:57.605Z] ITEM: "2026-04-22.md" | isFolder: false | path: "memory/2026-04-22.md"
[2026-05-02T19:23:57.606Z] ITEM: "2026-04-23.md" | isFolder: false | path: "memory/2026-04-23.md"
[2026-05-02T19:23:57.606Z] ITEM: "2026-04-24.md" | isFolder: false | path: "memory/2026-04-24.md"
[2026-05-02T19:23:57.606Z] ITEM: "2026-04-25.md" | isFolder: false | path: "memory/2026-04-25.md"
[2026-05-02T19:23:57.607Z] ITEM: "2026-04-26.md" | isFolder: false | path: "memory/2026-04-26.md"
[2026-05-02T19:23:57.607Z] ITEM: "2026-04-27.md" | isFolder: false | path: "memory/2026-04-27.md"
[2026-05-02T19:23:57.608Z] ITEM: "2026-04-28.md" | isFolder: false | path: "memory/2026-04-28.md"
[2026-05-02T19:23:57.608Z] ITEM: "2026-04-29.md" | isFolder: false | path: "memory/2026-04-29.md"
[2026-05-02T19:23:57.608Z] ITEM: "2026-04-30.md" | isFolder: false | path: "memory/2026-04-30.md"
[2026-05-02T19:23:57.609Z] ITEM: "2026-05-01.md" | isFolder: false | path: "memory/2026-05-01.md"
[2026-05-02T19:23:57.609Z] ITEM: "2026-05-02.md" | isFolder: false | path: "memory/2026-05-02.md"
[2026-05-02T19:23:57.610Z] ITEM: "heartbeat-state.json" | isFolder: false | path: "memory/heartbeat-state.json"
[2026-05-02T19:23:57.610Z] ITEM: "memory-flush-2026-04-10" | isFolder: true | path: "memory/memory-flush-2026-04-10"
[2026-05-02T19:23:57.610Z] ITEM: "morning_kickoff_report_2026-04-24.md" | isFolder: false | path: "memory/morning_kickoff_report_2026-04-24.md"
[2026-05-02T19:23:57.611Z] ITEM: "morning_kickoff_report_2026-04-28.md" | isFolder: false | path: "memory/morning_kickoff_report_2026-04-28.md"
[2026-05-02T19:23:57.611Z] ITEM: "morning_kickoff_report_2026-04-29.md" | isFolder: false | path: "memory/morning_kickoff_report_2026-04-29.md"
[2026-05-02T19:23:57.612Z] ITEM: "morning_kickoff_report_2026-04-30.md" | isFolder: false | path: "memory/morning_kickoff_report_2026-04-30.md"
[2026-05-02T19:23:57.612Z] ITEM: "morning_kickoff_report_2026-05-02.md" | isFolder: false | path: "memory/morning_kickoff_report_2026-05-02.md"
[2026-05-02T19:23:57.643Z] LIST: "/docs/topics/evening-wrap-up"
[2026-05-02T19:23:57.644Z] ABSOLUTE: "C:\Users\tberg\.openclaw\workspace\docs\topics\evening-wrap-up"
[2026-05-02T19:23:57.644Z] FOUND: 1 items
[2026-05-02T19:23:57.644Z] ITEM: "2026-03-24-summary.md" | isFolder: false | path: "docs/topics/evening-wrap-up/2026-03-24-summary.md"
[2026-05-02T19:24:00.071Z] LIST: "/docs/topics"
[2026-05-02T19:24:00.072Z] ABSOLUTE: "C:\Users\tberg\.openclaw\workspace\docs\topics"
[2026-05-02T19:24:00.072Z] FOUND: 2 items
[2026-05-02T19:24:00.073Z] ITEM: "evening-wrap-up" | isFolder: true | path: "docs/topics/evening-wrap-up"
[2026-05-02T19:24:00.073Z] ITEM: "general" | isFolder: true | path: "docs/topics/general"
[2026-05-02T19:24:01.025Z] LIST: "/docs"
[2026-05-02T19:24:01.026Z] ABSOLUTE: "C:\Users\tberg\.openclaw\workspace\docs"
[2026-05-02T19:24:01.026Z] FOUND: 9 items
[2026-05-02T19:24:01.027Z] ITEM: "concepts" | isFolder: true | path: "docs/concepts"
[2026-05-02T19:24:01.027Z] ITEM: "index.md" | isFolder: false | path: "docs/index.md"
[2026-05-02T19:24:01.027Z] ITEM: "lessons" | isFolder: true | path: "docs/lessons"
[2026-05-02T19:24:01.028Z] ITEM: "log.md" | isFolder: false | path: "docs/log.md"
[2026-05-02T19:24:01.028Z] ITEM: "Nightly-Log.md" | isFolder: false | path: "docs/Nightly-Log.md"
[2026-05-02T19:24:01.029Z] ITEM: "openclaw" | isFolder: true | path: "docs/openclaw"
[2026-05-02T19:24:01.029Z] ITEM: "projects" | isFolder: true | path: "docs/projects"
[2026-05-02T19:24:01.030Z] ITEM: "topics" | isFolder: true | path: "docs/topics"
[2026-05-02T19:24:01.030Z] ITEM: "Wiki-Guide.md" | isFolder: false | path: "docs/Wiki-Guide.md"
[2026-05-02T19:24:02.108Z] LIST: "/"
[2026-05-02T19:24:03.116Z] LIST: "/memory"
[2026-05-02T19:24:03.116Z] ABSOLUTE: "C:\Users\tberg\.openclaw\workspace\memory"
[2026-05-02T19:24:03.117Z] FOUND: 73 items
[2026-05-02T19:24:03.117Z] ITEM: ".dreams" | isFolder: true | path: "memory/.dreams"
[2026-05-02T19:24:03.118Z] ITEM: "2026-03-07.md" | isFolder: false | path: "memory/2026-03-07.md"
[2026-05-02T19:24:03.118Z] ITEM: "2026-03-08.md" | isFolder: false | path: "memory/2026-03-08.md"
[2026-05-02T19:24:03.118Z] ITEM: "2026-03-09.md" | isFolder: false | path: "memory/2026-03-09.md"
[2026-05-02T19:24:03.119Z] ITEM: "2026-03-10.md" | isFolder: false | path: "memory/2026-03-10.md"
[2026-05-02T19:24:03.119Z] ITEM: "2026-03-11.md" | isFolder: false | path: "memory/2026-03-11.md"
[2026-05-02T19:24:03.119Z] ITEM: "2026-03-12.md" | isFolder: false | path: "memory/2026-03-12.md"
[2026-05-02T19:24:03.120Z] ITEM: "2026-03-13.md" | isFolder: false | path: "memory/2026-03-13.md"
[2026-05-02T19:24:03.120Z] ITEM: "2026-03-14.md" | isFolder: false | path: "memory/2026-03-14.md"
[2026-05-02T19:24:03.121Z] ITEM: "2026-03-15.md" | isFolder: false | path: "memory/2026-03-15.md"
[2026-05-02T19:24:03.121Z] ITEM: "2026-03-16.md" | isFolder: false | path: "memory/2026-03-16.md"
[2026-05-02T19:24:03.121Z] ITEM: "2026-03-17.md" | isFolder: false | path: "memory/2026-03-17.md"
[2026-05-02T19:24:03.122Z] ITEM: "2026-03-18.md" | isFolder: false | path: "memory/2026-03-18.md"
[2026-05-02T19:24:03.122Z] ITEM: "2026-03-19.md" | isFolder: false | path: "memory/2026-03-19.md"
[2026-05-02T19:24:03.122Z] ITEM: "2026-03-20-summary.md" | isFolder: false | path: "memory/2026-03-20-summary.md"
[2026-05-02T19:24:03.123Z] ITEM: "2026-03-20.md" | isFolder: false | path: "memory/2026-03-20.md"
[2026-05-02T19:24:03.123Z] ITEM: "2026-03-21.md" | isFolder: false | path: "memory/2026-03-21.md"
[2026-05-02T19:24:03.124Z] ITEM: "2026-03-22.md" | isFolder: false | path: "memory/2026-03-22.md"
[2026-05-02T19:24:03.124Z] ITEM: "2026-03-23.md" | isFolder: false | path: "memory/2026-03-23.md"
[2026-05-02T19:24:03.124Z] ITEM: "2026-03-24.md" | isFolder: false | path: "memory/2026-03-24.md"
[2026-05-02T19:24:03.125Z] ITEM: "2026-03-25.md" | isFolder: false | path: "memory/2026-03-25.md"
[2026-05-02T19:24:03.125Z] ITEM: "2026-03-26.md" | isFolder: false | path: "memory/2026-03-26.md"
[2026-05-02T19:24:03.126Z] ITEM: "2026-03-27.md" | isFolder: false | path: "memory/2026-03-27.md"
[2026-05-02T19:24:03.126Z] ITEM: "2026-03-28.md" | isFolder: false | path: "memory/2026-03-28.md"
[2026-05-02T19:24:03.126Z] ITEM: "2026-03-29.md" | isFolder: false | path: "memory/2026-03-29.md"
[2026-05-02T19:24:03.127Z] ITEM: "2026-03-30.md" | isFolder: false | path: "memory/2026-03-30.md"
[2026-05-02T19:24:03.127Z] ITEM: "2026-03-31.md" | isFolder: false | path: "memory/2026-03-31.md"
[2026-05-02T19:24:03.128Z] ITEM: "2026-04-01.md" | isFolder: false | path: "memory/2026-04-01.md"
[2026-05-02T19:24:03.128Z] ITEM: "2026-04-02.md" | isFolder: false | path: "memory/2026-04-02.md"
[2026-05-02T19:24:03.129Z] ITEM: "2026-04-03-dashboard-error.md" | isFolder: false | path: "memory/2026-04-03-dashboard-error.md"
[2026-05-02T19:24:03.129Z] ITEM: "2026-04-03.md" | isFolder: false | path: "memory/2026-04-03.md"
[2026-05-02T19:24:03.130Z] ITEM: "2026-04-04-build-error.md" | isFolder: false | path: "memory/2026-04-04-build-error.md"
[2026-05-02T19:24:03.130Z] ITEM: "2026-04-04.md" | isFolder: false | path: "memory/2026-04-04.md"
[2026-05-02T19:24:03.130Z] ITEM: "2026-04-05.md" | isFolder: false | path: "memory/2026-04-05.md"
[2026-05-02T19:24:03.131Z] ITEM: "2026-04-06.md" | isFolder: false | path: "memory/2026-04-06.md"
[2026-05-02T19:24:03.131Z] ITEM: "2026-04-07.md" | isFolder: false | path: "memory/2026-04-07.md"
[2026-05-02T19:24:03.131Z] ITEM: "2026-04-08.md" | isFolder: false | path: "memory/2026-04-08.md"
[2026-05-02T19:24:03.132Z] ITEM: "2026-04-09.md" | isFolder: false | path: "memory/2026-04-09.md"
[2026-05-02T19:24:03.132Z] ITEM: "2026-04-10-new-haven-exhibition.md" | isFolder: false | path: "memory/2026-04-10-new-haven-exhibition.md"
[2026-05-02T19:24:03.133Z] ITEM: "2026-04-10.md" | isFolder: false | path: "memory/2026-04-10.md"
[2026-05-02T19:24:03.133Z] ITEM: "2026-04-11.md" | isFolder: false | path: "memory/2026-04-11.md"
[2026-05-02T19:24:03.133Z] ITEM: "2026-04-12.md" | isFolder: false | path: "memory/2026-04-12.md"
[2026-05-02T19:24:03.134Z] ITEM: "2026-04-13.md" | isFolder: false | path: "memory/2026-04-13.md"
[2026-05-02T19:24:03.134Z] ITEM: "2026-04-14.md" | isFolder: false | path: "memory/2026-04-14.md"
[2026-05-02T19:24:03.135Z] ITEM: "2026-04-15.md" | isFolder: false | path: "memory/2026-04-15.md"
[2026-05-02T19:24:03.135Z] ITEM: "2026-04-16.md" | isFolder: false | path: "memory/2026-04-16.md"
[2026-05-02T19:24:03.135Z] ITEM: "2026-04-17-1356.md" | isFolder: false | path: "memory/2026-04-17-1356.md"
[2026-05-02T19:24:03.136Z] ITEM: "2026-04-17-2329.md" | isFolder: false | path: "memory/2026-04-17-2329.md"
[2026-05-02T19:24:03.136Z] ITEM: "2026-04-17.md" | isFolder: false | path: "memory/2026-04-17.md"
[2026-05-02T19:24:03.137Z] ITEM: "2026-04-18.md" | isFolder: false | path: "memory/2026-04-18.md"
[2026-05-02T19:24:03.137Z] ITEM: "2026-04-19.md" | isFolder: false | path: "memory/2026-04-19.md"
[2026-05-02T19:24:03.137Z] ITEM: "2026-04-20-summary.md" | isFolder: false | path: "memory/2026-04-20-summary.md"
[2026-05-02T19:24:03.138Z] ITEM: "2026-04-20.md" | isFolder: false | path: "memory/2026-04-20.md"
[2026-05-02T19:24:03.138Z] ITEM: "2026-04-21-summary.md" | isFolder: false | path: "memory/2026-04-21-summary.md"
[2026-05-02T19:24:03.139Z] ITEM: "2026-04-21.md" | isFolder: false | path: "memory/2026-04-21.md"
[2026-05-02T19:24:03.139Z] ITEM: "2026-04-22.md" | isFolder: false | path: "memory/2026-04-22.md"
[2026-05-02T19:24:03.139Z] ITEM: "2026-04-23.md" | isFolder: false | path: "memory/2026-04-23.md"
[2026-05-02T19:24:03.140Z] ITEM: "2026-04-24.md" | isFolder: false | path: "memory/2026-04-24.md"
[2026-05-02T19:24:03.140Z] ITEM: "2026-04-25.md" | isFolder: false | path: "memory/2026-04-25.md"
[2026-05-02T19:24:03.141Z] ITEM: "2026-04-26.md" | isFolder: false | path: "memory/2026-04-26.md"
[2026-05-02T19:24:03.141Z] ITEM: "2026-04-27.md" | isFolder: false | path: "memory/2026-04-27.md"
[2026-05-02T19:24:03.141Z] ITEM: "2026-04-28.md" | isFolder: false | path: "memory/2026-04-28.md"
[2026-05-02T19:24:03.142Z] ITEM: "2026-04-29.md" | isFolder: false | path: "memory/2026-04-29.md"
[2026-05-02T19:24:03.142Z] ITEM: "2026-04-30.md" | isFolder: false | path: "memory/2026-04-30.md"
[2026-05-02T19:24:03.143Z] ITEM: "2026-05-01.md" | isFolder: false | path: "memory/2026-05-01.md"
[2026-05-02T19:24:03.143Z] ITEM: "2026-05-02.md" | isFolder: false | path: "memory/2026-05-02.md"
[2026-05-02T19:24:03.143Z] ITEM: "heartbeat-state.json" | isFolder: false | path: "memory/heartbeat-state.json"
[2026-05-02T19:24:03.144Z] ITEM: "memory-flush-2026-04-10" | isFolder: true | path: "memory/memory-flush-2026-04-10"
[2026-05-02T19:24:03.144Z] ITEM: "morning_kickoff_report_2026-04-24.md" | isFolder: false | path: "memory/morning_kickoff_report_2026-04-24.md"
[2026-05-02T19:24:03.144Z] ITEM: "morning_kickoff_report_2026-04-28.md" | isFolder: false | path: "memory/morning_kickoff_report_2026-04-28.md"
[2026-05-02T19:24:03.145Z] ITEM: "morning_kickoff_report_2026-04-29.md" | isFolder: false | path: "memory/morning_kickoff_report_2026-04-29.md"
[2026-05-02T19:24:03.145Z] ITEM: "morning_kickoff_report_2026-04-30.md" | isFolder: false | path: "memory/morning_kickoff_report_2026-04-30.md"
[2026-05-02T19:24:03.145Z] ITEM: "morning_kickoff_report_2026-05-02.md" | isFolder: false | path: "memory/morning_kickoff_report_2026-05-02.md"
[2026-05-02T19:24:04.073Z] LIST: "/docs/topics/evening-wrap-up"
[2026-05-02T19:24:04.073Z] ABSOLUTE: "C:\Users\tberg\.openclaw\workspace\docs\topics\evening-wrap-up"
[2026-05-02T19:24:04.074Z] FOUND: 0 items
[2026-05-02T19:24:08.512Z] LIST: "/docs/topics"
[2026-05-02T19:24:08.512Z] ABSOLUTE: "C:\Users\tberg\.openclaw\workspace\docs\topics"
[2026-05-02T19:24:08.513Z] FOUND: 2 items
[2026-05-02T19:24:08.513Z] ITEM: "evening-wrap-up" | isFolder: true | path: "docs/topics/evening-wrap-up"
[2026-05-02T19:24:08.514Z] ITEM: "general" | isFolder: true | path: "docs/topics/general"
[2026-05-02T19:24:13.054Z] LIST: "/docs/topics"
[2026-05-02T19:24:13.054Z] ABSOLUTE: "C:\Users\tberg\.openclaw\workspace\docs\topics"
[2026-05-02T19:24:13.055Z] FOUND: 1 items
[2026-05-02T19:24:13.055Z] ITEM: "general" | isFolder: true | path: "docs/topics/general"
[2026-05-02T19:24:14.361Z] LIST: "/docs/topics/general"
[2026-05-02T19:24:14.362Z] ABSOLUTE: "C:\Users\tberg\.openclaw\workspace\docs\topics\general"
[2026-05-02T19:24:14.363Z] FOUND: 39 items
[2026-05-02T19:24:14.363Z] ITEM: "2026-03-17-summary.md" | isFolder: false | path: "docs/topics/general/2026-03-17-summary.md"
[2026-05-02T19:24:14.363Z] ITEM: "2026-03-18-summary.md" | isFolder: false | path: "docs/topics/general/2026-03-18-summary.md"
[2026-05-02T19:24:14.364Z] ITEM: "2026-03-21-summary.md" | isFolder: false | path: "docs/topics/general/2026-03-21-summary.md"
[2026-05-02T19:24:14.364Z] ITEM: "2026-03-23-summary.md" | isFolder: false | path: "docs/topics/general/2026-03-23-summary.md"
[2026-05-02T19:24:14.365Z] ITEM: "2026-03-24-summary.md" | isFolder: false | path: "docs/topics/general/2026-03-24-summary.md"
[2026-05-02T19:24:14.365Z] ITEM: "2026-03-25-summary.md" | isFolder: false | path: "docs/topics/general/2026-03-25-summary.md"
[2026-05-02T19:24:14.365Z] ITEM: "2026-03-27-summary.md" | isFolder: false | path: "docs/topics/general/2026-03-27-summary.md"
[2026-05-02T19:24:14.366Z] ITEM: "2026-03-28-summary.md" | isFolder: false | path: "docs/topics/general/2026-03-28-summary.md"
[2026-05-02T19:24:14.366Z] ITEM: "2026-03-29-summary.md" | isFolder: false | path: "docs/topics/general/2026-03-29-summary.md"
[2026-05-02T19:24:14.367Z] ITEM: "2026-03-30-summary.md" | isFolder: false | path: "docs/topics/general/2026-03-30-summary.md"
[2026-05-02T19:24:14.367Z] ITEM: "2026-03-31-summary.md" | isFolder: false | path: "docs/topics/general/2026-03-31-summary.md"
[2026-05-02T19:24:14.367Z] ITEM: "2026-04-02-summary.md" | isFolder: false | path: "docs/topics/general/2026-04-02-summary.md"
[2026-05-02T19:24:14.368Z] ITEM: "2026-04-03-summary.md" | isFolder: false | path: "docs/topics/general/2026-04-03-summary.md"
[2026-05-02T19:24:14.368Z] ITEM: "2026-04-04-summary.md" | isFolder: false | path: "docs/topics/general/2026-04-04-summary.md"
[2026-05-02T19:24:14.369Z] ITEM: "2026-04-05-summary.md" | isFolder: false | path: "docs/topics/general/2026-04-05-summary.md"
[2026-05-02T19:24:14.369Z] ITEM: "2026-04-06-summary.md" | isFolder: false | path: "docs/topics/general/2026-04-06-summary.md"
[2026-05-02T19:24:14.369Z] ITEM: "2026-04-07-summary.md" | isFolder: false | path: "docs/topics/general/2026-04-07-summary.md"
[2026-05-02T19:24:14.370Z] ITEM: "2026-04-08-summary.md" | isFolder: false | path: "docs/topics/general/2026-04-08-summary.md"
[2026-05-02T19:24:14.370Z] ITEM: "2026-04-09-summary.md" | isFolder: false | path: "docs/topics/general/2026-04-09-summary.md"
[2026-05-02T19:24:14.371Z] ITEM: "2026-04-10-summary.md" | isFolder: false | path: "docs/topics/general/2026-04-10-summary.md"
[2026-05-02T19:24:14.371Z] ITEM: "2026-04-11-summary.md" | isFolder: false | path: "docs/topics/general/2026-04-11-summary.md"
[2026-05-02T19:24:14.372Z] ITEM: "2026-04-12-summary.md" | isFolder: false | path: "docs/topics/general/2026-04-12-summary.md"
[2026-05-02T19:24:14.372Z] ITEM: "2026-04-13-summary.md" | isFolder: false | path: "docs/topics/general/2026-04-13-summary.md"
[2026-05-02T19:24:14.372Z] ITEM: "2026-04-15-summary.md" | isFolder: false | path: "docs/topics/general/2026-04-15-summary.md"
[2026-05-02T19:24:14.373Z] ITEM: "2026-04-16-summary.md" | isFolder: false | path: "docs/topics/general/2026-04-16-summary.md"
[2026-05-02T19:24:14.373Z] ITEM: "2026-04-18-summary.md" | isFolder: false | path: "docs/topics/general/2026-04-18-summary.md"
[2026-05-02T19:24:14.374Z] ITEM: "2026-04-19-summary.md" | isFolder: false | path: "docs/topics/general/2026-04-19-summary.md"
[2026-05-02T19:24:14.374Z] ITEM: "2026-04-20-summary.md" | isFolder: false | path: "docs/topics/general/2026-04-20-summary.md"
[2026-05-02T19:24:14.375Z] ITEM: "2026-04-21-summary.md" | isFolder: false | path: "docs/topics/general/2026-04-21-summary.md"
[2026-05-02T19:24:14.375Z] ITEM: "2026-04-22-summary.md" | isFolder: false | path: "docs/topics/general/2026-04-22-summary.md"
[2026-05-02T19:24:14.375Z] ITEM: "2026-04-23-summary.md" | isFolder: false | path: "docs/topics/general/2026-04-23-summary.md"
[2026-05-02T19:24:14.376Z] ITEM: "2026-04-24-summary.md" | isFolder: false | path: "docs/topics/general/2026-04-24-summary.md"
[2026-05-02T19:24:14.376Z] ITEM: "2026-04-25-summary.md" | isFolder: false | path: "docs/topics/general/2026-04-25-summary.md"
[2026-05-02T19:24:14.377Z] ITEM: "2026-04-26-summary.md" | isFolder: false | path: "docs/topics/general/2026-04-26-summary.md"
[2026-05-02T19:24:14.377Z] ITEM: "2026-04-27-summary.md" | isFolder: false | path: "docs/topics/general/2026-04-27-summary.md"
[2026-05-02T19:24:14.378Z] ITEM: "2026-04-28-summary.md" | isFolder: false | path: "docs/topics/general/2026-04-28-summary.md"
[2026-05-02T19:24:14.378Z] ITEM: "2026-04-29-summary.md" | isFolder: false | path: "docs/topics/general/2026-04-29-summary.md"
[2026-05-02T19:24:14.379Z] ITEM: "2026-04-30-summary.md" | isFolder: false | path: "docs/topics/general/2026-04-30-summary.md"
[2026-05-02T19:24:14.379Z] ITEM: "2026-05-01-summary.md" | isFolder: false | path: "docs/topics/general/2026-05-01-summary.md"
[2026-05-02T19:26:50.747Z] LIST: "/"
[2026-05-02T19:26:53.789Z] LIST: "/docs"
[2026-05-02T19:26:53.790Z] ABSOLUTE: "C:\Users\tberg\.openclaw\workspace\docs"
[2026-05-02T19:26:53.790Z] FOUND: 9 items
[2026-05-02T19:26:53.791Z] ITEM: "concepts" | isFolder: true | path: "docs/concepts"
[2026-05-02T19:26:53.791Z] ITEM: "index.md" | isFolder: false | path: "docs/index.md"
[2026-05-02T19:26:53.792Z] ITEM: "lessons" | isFolder: true | path: "docs/lessons"
[2026-05-02T19:26:53.792Z] ITEM: "log.md" | isFolder: false | path: "docs/log.md"
[2026-05-02T19:26:53.792Z] ITEM: "Nightly-Log.md" | isFolder: false | path: "docs/Nightly-Log.md"
[2026-05-02T19:26:53.793Z] ITEM: "openclaw" | isFolder: true | path: "docs/openclaw"
[2026-05-02T19:26:53.793Z] ITEM: "projects" | isFolder: true | path: "docs/projects"
[2026-05-02T19:26:53.794Z] ITEM: "topics" | isFolder: true | path: "docs/topics"
[2026-05-02T19:26:53.794Z] ITEM: "Wiki-Guide.md" | isFolder: false | path: "docs/Wiki-Guide.md"
[2026-05-02T19:26:55.583Z] LIST: "/docs/topics"
[2026-05-02T19:26:55.583Z] ABSOLUTE: "C:\Users\tberg\.openclaw\workspace\docs\topics"
[2026-05-02T19:26:55.584Z] FOUND: 1 items
[2026-05-02T19:26:55.584Z] ITEM: "general" | isFolder: true | path: "docs/topics/general"
[2026-05-02T19:26:57.155Z] LIST: "/docs/topics/general"
[2026-05-02T19:26:57.155Z] ABSOLUTE: "C:\Users\tberg\.openclaw\workspace\docs\topics\general"
[2026-05-02T19:26:57.156Z] FOUND: 3 items
[2026-05-02T19:26:57.156Z] ITEM: "2026-03-24-summary.md" | isFolder: false | path: "docs/topics/general/2026-03-24-summary.md"
[2026-05-02T19:26:57.157Z] ITEM: "2026-04-20-summary.md" | isFolder: false | path: "docs/topics/general/2026-04-20-summary.md"
[2026-05-02T19:26:57.157Z] ITEM: "2026-04-21-summary.md" | isFolder: false | path: "docs/topics/general/2026-04-21-summary.md"
[2026-05-02T19:27:02.654Z] LIST: "/docs/topics/general"
[2026-05-02T19:27:02.654Z] ABSOLUTE: "C:\Users\tberg\.openclaw\workspace\docs\topics\general"
[2026-05-02T19:27:02.655Z] FOUND: 2 items
[2026-05-02T19:27:02.655Z] ITEM: "2026-04-20-summary.md" | isFolder: false | path: "docs/topics/general/2026-04-20-summary.md"
[2026-05-02T19:27:02.656Z] ITEM: "2026-04-21-summary.md" | isFolder: false | path: "docs/topics/general/2026-04-21-summary.md"
[2026-05-02T19:27:05.636Z] LIST: "/docs/topics/general"
[2026-05-02T19:27:05.637Z] ABSOLUTE: "C:\Users\tberg\.openclaw\workspace\docs\topics\general"
[2026-05-02T19:27:05.637Z] FOUND: 1 items
[2026-05-02T19:27:05.638Z] ITEM: "2026-04-21-summary.md" | isFolder: false | path: "docs/topics/general/2026-04-21-summary.md"
[2026-05-02T19:27:08.621Z] LIST: "/docs/topics/general"
[2026-05-02T19:27:08.622Z] ABSOLUTE: "C:\Users\tberg\.openclaw\workspace\docs\topics\general"
[2026-05-02T19:27:08.622Z] FOUND: 0 items
[2026-05-02T19:27:10.766Z] LIST: "/docs/topics"
[2026-05-02T19:27:10.767Z] ABSOLUTE: "C:\Users\tberg\.openclaw\workspace\docs\topics"
[2026-05-02T19:27:10.767Z] FOUND: 1 items
[2026-05-02T19:27:10.767Z] ITEM: "general" | isFolder: true | path: "docs/topics/general"
[2026-05-02T19:27:14.819Z] LIST: "/docs/topics"
[2026-05-02T19:27:14.819Z] ABSOLUTE: "C:\Users\tberg\.openclaw\workspace\docs\topics"
[2026-05-02T19:27:14.820Z] FOUND: 0 items
[2026-05-02T19:27:17.744Z] LIST: "/docs"
[2026-05-02T19:27:17.745Z] ABSOLUTE: "C:\Users\tberg\.openclaw\workspace\docs"
[2026-05-02T19:27:17.745Z] FOUND: 9 items
[2026-05-02T19:27:17.746Z] ITEM: "concepts" | isFolder: true | path: "docs/concepts"
[2026-05-02T19:27:17.746Z] ITEM: "index.md" | isFolder: false | path: "docs/index.md"
[2026-05-02T19:27:17.746Z] ITEM: "lessons" | isFolder: true | path: "docs/lessons"
[2026-05-02T19:27:17.747Z] ITEM: "log.md" | isFolder: false | path: "docs/log.md"
[2026-05-02T19:27:17.747Z] ITEM: "Nightly-Log.md" | isFolder: false | path: "docs/Nightly-Log.md"
[2026-05-02T19:27:17.748Z] ITEM: "openclaw" | isFolder: true | path: "docs/openclaw"
[2026-05-02T19:27:17.748Z] ITEM: "projects" | isFolder: true | path: "docs/projects"
[2026-05-02T19:27:17.748Z] ITEM: "topics" | isFolder: true | path: "docs/topics"
[2026-05-02T19:27:17.749Z] ITEM: "Wiki-Guide.md" | isFolder: false | path: "docs/Wiki-Guide.md"
[2026-05-02T19:27:22.772Z] LIST: "/docs"
[2026-05-02T19:27:22.772Z] ABSOLUTE: "C:\Users\tberg\.openclaw\workspace\docs"
[2026-05-02T19:27:22.773Z] FOUND: 8 items
[2026-05-02T19:27:22.773Z] ITEM: "concepts" | isFolder: true | path: "docs/concepts"
[2026-05-02T19:27:22.774Z] ITEM: "index.md" | isFolder: false | path: "docs/index.md"
[2026-05-02T19:27:22.774Z] ITEM: "lessons" | isFolder: true | path: "docs/lessons"
[2026-05-02T19:27:22.775Z] ITEM: "log.md" | isFolder: false | path: "docs/log.md"
[2026-05-02T19:27:22.775Z] ITEM: "Nightly-Log.md" | isFolder: false | path: "docs/Nightly-Log.md"
[2026-05-02T19:27:22.775Z] ITEM: "openclaw" | isFolder: true | path: "docs/openclaw"
[2026-05-02T19:27:22.776Z] ITEM: "projects" | isFolder: true | path: "docs/projects"
[2026-05-02T19:27:22.776Z] ITEM: "Wiki-Guide.md" | isFolder: false | path: "docs/Wiki-Guide.md"
[2026-05-02T19:33:09.153Z] LIST: "/"
[2026-05-02T19:33:12.907Z] LIST: "/docs"
[2026-05-02T19:33:12.908Z] ABSOLUTE: "C:\Users\tberg\.openclaw\workspace\docs"
[2026-05-02T19:33:12.908Z] FOUND: 8 items
[2026-05-02T19:33:12.909Z] ITEM: "concepts" | isFolder: true | path: "docs/concepts"
[2026-05-02T19:33:12.909Z] ITEM: "index.md" | isFolder: false | path: "docs/index.md"
[2026-05-02T19:33:12.910Z] ITEM: "lessons" | isFolder: true | path: "docs/lessons"
[2026-05-02T19:33:12.910Z] ITEM: "log.md" | isFolder: false | path: "docs/log.md"
[2026-05-02T19:33:12.911Z] ITEM: "Nightly-Log.md" | isFolder: false | path: "docs/Nightly-Log.md"
[2026-05-02T19:33:12.911Z] ITEM: "openclaw" | isFolder: true | path: "docs/openclaw"
[2026-05-02T19:33:12.911Z] ITEM: "projects" | isFolder: true | path: "docs/projects"
[2026-05-02T19:33:12.912Z] ITEM: "Wiki-Guide.md" | isFolder: false | path: "docs/Wiki-Guide.md"
[2026-05-02T19:33:21.518Z] LIST: "/"
[2026-05-02T19:33:42.729Z] LIST: "/"
[2026-05-02T19:33:51.742Z] LIST: "/"
[2026-05-02T19:33:54.279Z] LIST: "/docs"
[2026-05-02T19:33:54.279Z] ABSOLUTE: "C:\Users\tberg\.openclaw\workspace\docs"
[2026-05-02T19:33:54.280Z] FOUND: 8 items
[2026-05-02T19:33:54.281Z] ITEM: "concepts" | isFolder: true | path: "docs/concepts"
[2026-05-02T19:33:54.281Z] ITEM: "index.md" | isFolder: false | path: "docs/index.md"
[2026-05-02T19:33:54.282Z] ITEM: "lessons" | isFolder: true | path: "docs/lessons"
[2026-05-02T19:33:54.282Z] ITEM: "log.md" | isFolder: false | path: "docs/log.md"
[2026-05-02T19:33:54.283Z] ITEM: "Nightly-Log.md" | isFolder: false | path: "docs/Nightly-Log.md"
[2026-05-02T19:33:54.283Z] ITEM: "openclaw" | isFolder: true | path: "docs/openclaw"
[2026-05-02T19:33:54.284Z] ITEM: "projects" | isFolder: true | path: "docs/projects"
[2026-05-02T19:33:54.284Z] ITEM: "Wiki-Guide.md" | isFolder: false | path: "docs/Wiki-Guide.md"
[2026-05-02T19:33:58.802Z] LIST: "/"
[2026-05-02T19:34:01.512Z] LIST: "/memory"
[2026-05-02T19:34:01.513Z] ABSOLUTE: "C:\Users\tberg\.openclaw\workspace\memory"
[2026-05-02T19:34:01.514Z] FOUND: 110 items
[2026-05-02T19:34:01.514Z] ITEM: ".dreams" | isFolder: true | path: "memory/.dreams"
[2026-05-02T19:34:01.515Z] ITEM: "2026-03-07.md" | isFolder: false | path: "memory/2026-03-07.md"
[2026-05-02T19:34:01.515Z] ITEM: "2026-03-08.md" | isFolder: false | path: "memory/2026-03-08.md"
[2026-05-02T19:34:01.516Z] ITEM: "2026-03-09.md" | isFolder: false | path: "memory/2026-03-09.md"
[2026-05-02T19:34:01.516Z] ITEM: "2026-03-10.md" | isFolder: false | path: "memory/2026-03-10.md"
[2026-05-02T19:34:01.517Z] ITEM: "2026-03-11.md" | isFolder: false | path: "memory/2026-03-11.md"
[2026-05-02T19:34:01.517Z] ITEM: "2026-03-12.md" | isFolder: false | path: "memory/2026-03-12.md"
[2026-05-02T19:34:01.518Z] ITEM: "2026-03-13.md" | isFolder: false | path: "memory/2026-03-13.md"
[2026-05-02T19:34:01.519Z] ITEM: "2026-03-14.md" | isFolder: false | path: "memory/2026-03-14.md"
[2026-05-02T19:34:01.519Z] ITEM: "2026-03-15.md" | isFolder: false | path: "memory/2026-03-15.md"
[2026-05-02T19:34:01.520Z] ITEM: "2026-03-16.md" | isFolder: false | path: "memory/2026-03-16.md"
[2026-05-02T19:34:01.520Z] ITEM: "2026-03-17-summary.md" | isFolder: false | path: "memory/2026-03-17-summary.md"
[2026-05-02T19:34:01.521Z] ITEM: "2026-03-17.md" | isFolder: false | path: "memory/2026-03-17.md"
[2026-05-02T19:34:01.521Z] ITEM: "2026-03-18-summary.md" | isFolder: false | path: "memory/2026-03-18-summary.md"
[2026-05-02T19:34:01.522Z] ITEM: "2026-03-18.md" | isFolder: false | path: "memory/2026-03-18.md"
[2026-05-02T19:34:01.522Z] ITEM: "2026-03-19.md" | isFolder: false | path: "memory/2026-03-19.md"
[2026-05-02T19:34:01.523Z] ITEM: "2026-03-20-summary.md" | isFolder: false | path: "memory/2026-03-20-summary.md"
[2026-05-02T19:34:01.523Z] ITEM: "2026-03-20.md" | isFolder: false | path: "memory/2026-03-20.md"
[2026-05-02T19:34:01.524Z] ITEM: "2026-03-21-summary.md" | isFolder: false | path: "memory/2026-03-21-summary.md"
[2026-05-02T19:34:01.524Z] ITEM: "2026-03-21.md" | isFolder: false | path: "memory/2026-03-21.md"
[2026-05-02T19:34:01.525Z] ITEM: "2026-03-22.md" | isFolder: false | path: "memory/2026-03-22.md"
[2026-05-02T19:34:01.525Z] ITEM: "2026-03-23-summary.md" | isFolder: false | path: "memory/2026-03-23-summary.md"
[2026-05-02T19:34:01.525Z] ITEM: "2026-03-23.md" | isFolder: false | path: "memory/2026-03-23.md"
[2026-05-02T19:34:01.526Z] ITEM: "2026-03-24-summary.md" | isFolder: false | path: "memory/2026-03-24-summary.md"
[2026-05-02T19:34:01.526Z] ITEM: "2026-03-24.md" | isFolder: false | path: "memory/2026-03-24.md"
[2026-05-02T19:34:01.527Z] ITEM: "2026-03-25-summary.md" | isFolder: false | path: "memory/2026-03-25-summary.md"
[2026-05-02T19:34:01.527Z] ITEM: "2026-03-25.md" | isFolder: false | path: "memory/2026-03-25.md"
[2026-05-02T19:34:01.528Z] ITEM: "2026-03-26.md" | isFolder: false | path: "memory/2026-03-26.md"
[2026-05-02T19:34:01.528Z] ITEM: "2026-03-27-summary.md" | isFolder: false | path: "memory/2026-03-27-summary.md"
[2026-05-02T19:34:01.529Z] ITEM: "2026-03-27.md" | isFolder: false | path: "memory/2026-03-27.md"
[2026-05-02T19:34:01.529Z] ITEM: "2026-03-28-summary.md" | isFolder: false | path: "memory/2026-03-28-summary.md"
[2026-05-02T19:34:01.530Z] ITEM: "2026-03-28.md" | isFolder: false | path: "memory/2026-03-28.md"
[2026-05-02T19:34:01.530Z] ITEM: "2026-03-29-summary.md" | isFolder: false | path: "memory/2026-03-29-summary.md"
[2026-05-02T19:34:01.531Z] ITEM: "2026-03-29.md" | isFolder: false | path: "memory/2026-03-29.md"
[2026-05-02T19:34:01.531Z] ITEM: "2026-03-30-summary.md" | isFolder: false | path: "memory/2026-03-30-summary.md"
[2026-05-02T19:34:01.532Z] ITEM: "2026-03-30.md" | isFolder: false | path: "memory/2026-03-30.md"
[2026-05-02T19:34:01.533Z] ITEM: "2026-03-31-summary.md" | isFolder: false | path: "memory/2026-03-31-summary.md"
[2026-05-02T19:34:01.533Z] ITEM: "2026-03-31.md" | isFolder: false | path: "memory/2026-03-31.md"
[2026-05-02T19:34:01.533Z] ITEM: "2026-04-01.md" | isFolder: false | path: "memory/2026-04-01.md"
[2026-05-02T19:34:01.534Z] ITEM: "2026-04-02-summary.md" | isFolder: false | path: "memory/2026-04-02-summary.md"
[2026-05-02T19:34:01.535Z] ITEM: "2026-04-02.md" | isFolder: false | path: "memory/2026-04-02.md"
[2026-05-02T19:34:01.535Z] ITEM: "2026-04-03-dashboard-error.md" | isFolder: false | path: "memory/2026-04-03-dashboard-error.md"
[2026-05-02T19:34:01.535Z] ITEM: "2026-04-03-summary.md" | isFolder: false | path: "memory/2026-04-03-summary.md"
[2026-05-02T19:34:01.537Z] ITEM: "2026-04-03.md" | isFolder: false | path: "memory/2026-04-03.md"
[2026-05-02T19:34:01.537Z] ITEM: "2026-04-04-build-error.md" | isFolder: false | path: "memory/2026-04-04-build-error.md"
[2026-05-02T19:34:01.538Z] ITEM: "2026-04-04-summary.md" | isFolder: false | path: "memory/2026-04-04-summary.md"
[2026-05-02T19:34:01.538Z] ITEM: "2026-04-04.md" | isFolder: false | path: "memory/2026-04-04.md"
[2026-05-02T19:34:01.538Z] ITEM: "2026-04-05-summary.md" | isFolder: false | path: "memory/2026-04-05-summary.md"
[2026-05-02T19:34:01.539Z] ITEM: "2026-04-05.md" | isFolder: false | path: "memory/2026-04-05.md"
[2026-05-02T19:34:01.540Z] ITEM: "2026-04-06-summary.md" | isFolder: false | path: "memory/2026-04-06-summary.md"
[2026-05-02T19:34:01.540Z] ITEM: "2026-04-06.md" | isFolder: false | path: "memory/2026-04-06.md"
[2026-05-02T19:34:01.541Z] ITEM: "2026-04-07-summary.md" | isFolder: false | path: "memory/2026-04-07-summary.md"
[2026-05-02T19:34:01.541Z] ITEM: "2026-04-07.md" | isFolder: false | path: "memory/2026-04-07.md"
[2026-05-02T19:34:01.542Z] ITEM: "2026-04-08-summary.md" | isFolder: false | path: "memory/2026-04-08-summary.md"
[2026-05-02T19:34:01.542Z] ITEM: "2026-04-08.md" | isFolder: false | path: "memory/2026-04-08.md"
[2026-05-02T19:34:01.543Z] ITEM: "2026-04-09-summary.md" | isFolder: false | path: "memory/2026-04-09-summary.md"
[2026-05-02T19:34:01.543Z] ITEM: "2026-04-09.md" | isFolder: false | path: "memory/2026-04-09.md"
[2026-05-02T19:34:01.543Z] ITEM: "2026-04-10-new-haven-exhibition.md" | isFolder: false | path: "memory/2026-04-10-new-haven-exhibition.md"
[2026-05-02T19:34:01.544Z] ITEM: "2026-04-10-summary.md" | isFolder: false | path: "memory/2026-04-10-summary.md"
[2026-05-02T19:34:01.544Z] ITEM: "2026-04-10.md" | isFolder: false | path: "memory/2026-04-10.md"
[2026-05-02T19:34:01.545Z] ITEM: "2026-04-11-summary.md" | isFolder: false | path: "memory/2026-04-11-summary.md"
[2026-05-02T19:34:01.545Z] ITEM: "2026-04-11.md" | isFolder: false | path: "memory/2026-04-11.md"
[2026-05-02T19:34:01.546Z] ITEM: "2026-04-12-summary.md" | isFolder: false | path: "memory/2026-04-12-summary.md"
[2026-05-02T19:34:01.547Z] ITEM: "2026-04-12.md" | isFolder: false | path: "memory/2026-04-12.md"
[2026-05-02T19:34:01.548Z] ITEM: "2026-04-13-summary.md" | isFolder: false | path: "memory/2026-04-13-summary.md"
[2026-05-02T19:34:01.548Z] ITEM: "2026-04-13.md" | isFolder: false | path: "memory/2026-04-13.md"
[2026-05-02T19:34:01.549Z] ITEM: "2026-04-14.md" | isFolder: false | path: "memory/2026-04-14.md"
[2026-05-02T19:34:01.549Z] ITEM: "2026-04-15-summary.md" | isFolder: false | path: "memory/2026-04-15-summary.md"
[2026-05-02T19:34:01.549Z] ITEM: "2026-04-15.md" | isFolder: false | path: "memory/2026-04-15.md"
[2026-05-02T19:34:01.550Z] ITEM: "2026-04-16-summary.md" | isFolder: false | path: "memory/2026-04-16-summary.md"
[2026-05-02T19:34:01.550Z] ITEM: "2026-04-16.md" | isFolder: false | path: "memory/2026-04-16.md"
[2026-05-02T19:34:01.551Z] ITEM: "2026-04-17-1356.md" | isFolder: false | path: "memory/2026-04-17-1356.md"
[2026-05-02T19:34:01.551Z] ITEM: "2026-04-17-2329.md" | isFolder: false | path: "memory/2026-04-17-2329.md"
[2026-05-02T19:34:01.552Z] ITEM: "2026-04-17.md" | isFolder: false | path: "memory/2026-04-17.md"
[2026-05-02T19:34:01.552Z] ITEM: "2026-04-18-summary.md" | isFolder: false | path: "memory/2026-04-18-summary.md"
[2026-05-02T19:34:01.552Z] ITEM: "2026-04-18.md" | isFolder: false | path: "memory/2026-04-18.md"
[2026-05-02T19:34:01.553Z] ITEM: "2026-04-19-summary.md" | isFolder: false | path: "memory/2026-04-19-summary.md"
[2026-05-02T19:34:01.553Z] ITEM: "2026-04-19.md" | isFolder: false | path: "memory/2026-04-19.md"
[2026-05-02T19:34:01.554Z] ITEM: "2026-04-20-summary.md" | isFolder: false | path: "memory/2026-04-20-summary.md"
[2026-05-02T19:34:01.554Z] ITEM: "2026-04-20.md" | isFolder: false | path: "memory/2026-04-20.md"
[2026-05-02T19:34:01.554Z] ITEM: "2026-04-21-summary.md" | isFolder: false | path: "memory/2026-04-21-summary.md"
[2026-05-02T19:34:01.555Z] ITEM: "2026-04-21.md" | isFolder: false | path: "memory/2026-04-21.md"
[2026-05-02T19:34:01.555Z] ITEM: "2026-04-22-summary.md" | isFolder: false | path: "memory/2026-04-22-summary.md"
[2026-05-02T19:34:01.556Z] ITEM: "2026-04-22.md" | isFolder: false | path: "memory/2026-04-22.md"
[2026-05-02T19:34:01.556Z] ITEM: "2026-04-23-summary.md" | isFolder: false | path: "memory/2026-04-23-summary.md"
[2026-05-02T19:34:01.556Z] ITEM: "2026-04-23.md" | isFolder: false | path: "memory/2026-04-23.md"
[2026-05-02T19:34:01.557Z] ITEM: "2026-04-24-summary.md" | isFolder: false | path: "memory/2026-04-24-summary.md"
[2026-05-02T19:34:01.557Z] ITEM: "2026-04-24.md" | isFolder: false | path: "memory/2026-04-24.md"
[2026-05-02T19:34:01.558Z] ITEM: "2026-04-25-summary.md" | isFolder: false | path: "memory/2026-04-25-summary.md"
[2026-05-02T19:34:01.558Z] ITEM: "2026-04-25.md" | isFolder: false | path: "memory/2026-04-25.md"
[2026-05-02T19:34:01.558Z] ITEM: "2026-04-26-summary.md" | isFolder: false | path: "memory/2026-04-26-summary.md"
[2026-05-02T19:34:01.559Z] ITEM: "2026-04-26.md" | isFolder: false | path: "memory/2026-04-26.md"
[2026-05-02T19:34:01.559Z] ITEM: "2026-04-27-summary.md" | isFolder: false | path: "memory/2026-04-27-summary.md"
[2026-05-02T19:34:01.560Z] ITEM: "2026-04-27.md" | isFolder: false | path: "memory/2026-04-27.md"
[2026-05-02T19:34:01.560Z] ITEM: "2026-04-28-summary.md" | isFolder: false | path: "memory/2026-04-28-summary.md"
[2026-05-02T19:34:01.560Z] ITEM: "2026-04-28.md" | isFolder: false | path: "memory/2026-04-28.md"
[2026-05-02T19:34:01.561Z] ITEM: "2026-04-29-summary.md" | isFolder: false | path: "memory/2026-04-29-summary.md"
[2026-05-02T19:34:01.561Z] ITEM: "2026-04-29.md" | isFolder: false | path: "memory/2026-04-29.md"
[2026-05-02T19:34:01.562Z] ITEM: "2026-04-30-summary.md" | isFolder: false | path: "memory/2026-04-30-summary.md"
[2026-05-02T19:34:01.562Z] ITEM: "2026-04-30.md" | isFolder: false | path: "memory/2026-04-30.md"
[2026-05-02T19:34:01.563Z] ITEM: "2026-05-01-summary.md" | isFolder: false | path: "memory/2026-05-01-summary.md"
[2026-05-02T19:34:01.563Z] ITEM: "2026-05-01.md" | isFolder: false | path: "memory/2026-05-01.md"
[2026-05-02T19:34:01.564Z] ITEM: "2026-05-02.md" | isFolder: false | path: "memory/2026-05-02.md"
[2026-05-02T19:34:01.564Z] ITEM: "heartbeat-state.json" | isFolder: false | path: "memory/heartbeat-state.json"
[2026-05-02T19:34:01.565Z] ITEM: "memory-flush-2026-04-10" | isFolder: true | path: "memory/memory-flush-2026-04-10"
[2026-05-02T19:34:01.565Z] ITEM: "morning_kickoff_report_2026-04-24.md" | isFolder: false | path: "memory/morning_kickoff_report_2026-04-24.md"
[2026-05-02T19:34:01.566Z] ITEM: "morning_kickoff_report_2026-04-28.md" | isFolder: false | path: "memory/morning_kickoff_report_2026-04-28.md"
[2026-05-02T19:34:01.566Z] ITEM: "morning_kickoff_report_2026-04-29.md" | isFolder: false | path: "memory/morning_kickoff_report_2026-04-29.md"
[2026-05-02T19:34:01.568Z] ITEM: "morning_kickoff_report_2026-04-30.md" | isFolder: false | path: "memory/morning_kickoff_report_2026-04-30.md"
[2026-05-02T19:34:01.568Z] ITEM: "morning_kickoff_report_2026-05-02.md" | isFolder: false | path: "memory/morning_kickoff_report_2026-05-02.md"
[2026-05-02T19:34:07.624Z] LIST: "/"
[2026-05-02T19:53:58.204Z] LIST: "/"
[2026-05-02T19:54:09.986Z] LIST: "/docs"
[2026-05-02T19:54:09.987Z] ABSOLUTE: "C:\Users\tberg\.openclaw\workspace\docs"
[2026-05-02T19:54:09.988Z] FOUND: 8 items
[2026-05-02T19:54:09.988Z] ITEM: "concepts" | isFolder: true | path: "docs/concepts"
[2026-05-02T19:54:09.989Z] ITEM: "index.md" | isFolder: false | path: "docs/index.md"
[2026-05-02T19:54:09.989Z] ITEM: "lessons" | isFolder: true | path: "docs/lessons"
[2026-05-02T19:54:09.990Z] ITEM: "log.md" | isFolder: false | path: "docs/log.md"
[2026-05-02T19:54:09.990Z] ITEM: "Nightly-Log.md" | isFolder: false | path: "docs/Nightly-Log.md"
[2026-05-02T19:54:09.991Z] ITEM: "openclaw" | isFolder: true | path: "docs/openclaw"
[2026-05-02T19:54:09.991Z] ITEM: "projects" | isFolder: true | path: "docs/projects"
[2026-05-02T19:54:09.992Z] ITEM: "Wiki-Guide.md" | isFolder: false | path: "docs/Wiki-Guide.md"
[2026-05-02T19:54:19.382Z] LIST: "/docs/concepts"
[2026-05-02T19:54:19.383Z] ABSOLUTE: "C:\Users\tberg\.openclaw\workspace\docs\concepts"
[2026-05-02T19:54:19.384Z] FOUND: 3 items
[2026-05-02T19:54:19.384Z] ITEM: "agent_architecture.md" | isFolder: false | path: "docs/concepts/agent_architecture.md"
[2026-05-02T19:54:19.385Z] ITEM: "self-healing feedback loop" | isFolder: false | path: "docs/concepts/self-healing feedback loop"
[2026-05-02T19:54:19.385Z] ITEM: "WIKI" | isFolder: false | path: "docs/concepts/WIKI"
[2026-05-02T19:55:00.275Z] LIST: "/"
[2026-05-02T19:55:02.034Z] LIST: "/docs"
[2026-05-02T19:55:02.035Z] ABSOLUTE: "C:\Users\tberg\.openclaw\workspace\docs"
[2026-05-02T19:55:02.036Z] FOUND: 8 items
[2026-05-02T19:55:02.036Z] ITEM: "concepts" | isFolder: true | path: "docs/concepts"
[2026-05-02T19:55:02.037Z] ITEM: "index.md" | isFolder: false | path: "docs/index.md"
[2026-05-02T19:55:02.037Z] ITEM: "lessons" | isFolder: true | path: "docs/lessons"
[2026-05-02T19:55:02.038Z] ITEM: "log.md" | isFolder: false | path: "docs/log.md"
[2026-05-02T19:55:02.038Z] ITEM: "Nightly-Log.md" | isFolder: false | path: "docs/Nightly-Log.md"
[2026-05-02T19:55:02.039Z] ITEM: "openclaw" | isFolder: true | path: "docs/openclaw"
[2026-05-02T19:55:02.040Z] ITEM: "projects" | isFolder: true | path: "docs/projects"
[2026-05-02T19:55:02.040Z] ITEM: "Wiki-Guide.md" | isFolder: false | path: "docs/Wiki-Guide.md"
[2026-05-02T19:55:11.385Z] LIST: "/"
[2026-05-02T19:55:53.477Z] LIST: "/docs"
[2026-05-02T19:55:53.478Z] ABSOLUTE: "C:\Users\tberg\.openclaw\workspace\docs"
[2026-05-02T19:55:53.479Z] FOUND: 8 items
[2026-05-02T19:55:53.479Z] ITEM: "concepts" | isFolder: true | path: "docs/concepts"
[2026-05-02T19:55:53.480Z] ITEM: "index.md" | isFolder: false | path: "docs/index.md"
[2026-05-02T19:55:53.480Z] ITEM: "lessons" | isFolder: true | path: "docs/lessons"
[2026-05-02T19:55:53.481Z] ITEM: "log.md" | isFolder: false | path: "docs/log.md"
[2026-05-02T19:55:53.481Z] ITEM: "Nightly-Log.md" | isFolder: false | path: "docs/Nightly-Log.md"
[2026-05-02T19:55:53.482Z] ITEM: "openclaw" | isFolder: true | path: "docs/openclaw"
[2026-05-02T19:55:53.482Z] ITEM: "projects" | isFolder: true | path: "docs/projects"
[2026-05-02T19:55:53.483Z] ITEM: "Wiki-Guide.md" | isFolder: false | path: "docs/Wiki-Guide.md"
[2026-05-02T19:55:55.216Z] LIST: "/docs/concepts"
[2026-05-02T19:55:55.216Z] ABSOLUTE: "C:\Users\tberg\.openclaw\workspace\docs\concepts"
[2026-05-02T19:55:55.217Z] FOUND: 3 items
[2026-05-02T19:55:55.218Z] ITEM: "agent_architecture.md" | isFolder: false | path: "docs/concepts/agent_architecture.md"
[2026-05-02T19:55:55.218Z] ITEM: "self-healing feedback loop" | isFolder: false | path: "docs/concepts/self-healing feedback loop"
[2026-05-02T19:55:55.219Z] ITEM: "WIKI" | isFolder: false | path: "docs/concepts/WIKI"
[2026-05-02T19:56:18.559Z] LIST: "/docs/concepts"
[2026-05-02T19:56:18.559Z] ABSOLUTE: "C:\Users\tberg\.openclaw\workspace\docs\concepts"
[2026-05-02T19:56:18.560Z] FOUND: 4 items
[2026-05-02T19:56:18.561Z] ITEM: "agent_architecture.md" | isFolder: false | path: "docs/concepts/agent_architecture.md"
[2026-05-02T19:56:18.561Z] ITEM: "Proactive coder" | isFolder: false | path: "docs/concepts/Proactive coder"
[2026-05-02T19:56:18.562Z] ITEM: "self-healing feedback loop" | isFolder: false | path: "docs/concepts/self-healing feedback loop"
[2026-05-02T19:56:18.562Z] ITEM: "WIKI" | isFolder: false | path: "docs/concepts/WIKI"
[2026-05-02T19:58:32.790Z] LIST: "/docs/concepts"
[2026-05-02T19:58:32.791Z] ABSOLUTE: "C:\Users\tberg\.openclaw\workspace\docs\concepts"
[2026-05-02T19:58:32.792Z] FOUND: 5 items
[2026-05-02T19:58:32.792Z] ITEM: "agent_architecture.md" | isFolder: false | path: "docs/concepts/agent_architecture.md"
[2026-05-02T19:58:32.793Z] ITEM: "Morning brief" | isFolder: false | path: "docs/concepts/Morning brief"
[2026-05-02T19:58:32.793Z] ITEM: "Proactive coder" | isFolder: false | path: "docs/concepts/Proactive coder"
[2026-05-02T19:58:32.794Z] ITEM: "self-healing feedback loop" | isFolder: false | path: "docs/concepts/self-healing feedback loop"
[2026-05-02T19:58:32.794Z] ITEM: "WIKI" | isFolder: false | path: "docs/concepts/WIKI"
[2026-05-02T19:59:35.540Z] LIST: "/docs/concepts"
[2026-05-02T19:59:35.540Z] ABSOLUTE: "C:\Users\tberg\.openclaw\workspace\docs\concepts"
[2026-05-02T19:59:35.541Z] FOUND: 6 items
[2026-05-02T19:59:35.542Z] ITEM: "Afternoon report" | isFolder: false | path: "docs/concepts/Afternoon report"
[2026-05-02T19:59:35.542Z] ITEM: "agent_architecture.md" | isFolder: false | path: "docs/concepts/agent_architecture.md"
[2026-05-02T19:59:35.543Z] ITEM: "Morning brief" | isFolder: false | path: "docs/concepts/Morning brief"
[2026-05-02T19:59:35.543Z] ITEM: "Proactive coder" | isFolder: false | path: "docs/concepts/Proactive coder"
[2026-05-02T19:59:35.544Z] ITEM: "self-healing feedback loop" | isFolder: false | path: "docs/concepts/self-healing feedback loop"
[2026-05-02T19:59:35.544Z] ITEM: "WIKI" | isFolder: false | path: "docs/concepts/WIKI"
[2026-05-02T19:59:49.943Z] READ: "docs/concepts/Afternoon report"
[2026-05-02T19:59:49.943Z] ABSOLUTE: "C:\Users\tberg\.openclaw\workspace\docs\concepts\Afternoon report"
[2026-05-02T19:59:49.944Z] READ OK: 453 bytes
[2026-05-02T20:02:39.976Z] LIST: "/docs"
[2026-05-02T20:02:39.977Z] ABSOLUTE: "C:\Users\tberg\.openclaw\workspace\docs"
[2026-05-02T20:02:39.978Z] FOUND: 8 items
[2026-05-02T20:02:39.978Z] ITEM: "concepts" | isFolder: true | path: "docs/concepts"
[2026-05-02T20:02:39.979Z] ITEM: "index.md" | isFolder: false | path: "docs/index.md"
[2026-05-02T20:02:39.979Z] ITEM: "lessons" | isFolder: true | path: "docs/lessons"
[2026-05-02T20:02:39.980Z] ITEM: "log.md" | isFolder: false | path: "docs/log.md"
[2026-05-02T20:02:39.980Z] ITEM: "Nightly-Log.md" | isFolder: false | path: "docs/Nightly-Log.md"
[2026-05-02T20:02:39.981Z] ITEM: "openclaw" | isFolder: true | path: "docs/openclaw"
[2026-05-02T20:02:39.981Z] ITEM: "projects" | isFolder: true | path: "docs/projects"
[2026-05-02T20:02:39.981Z] ITEM: "Wiki-Guide.md" | isFolder: false | path: "docs/Wiki-Guide.md"
[2026-05-02T20:02:42.330Z] LIST: "/docs/openclaw"
[2026-05-02T20:02:42.331Z] ABSOLUTE: "C:\Users\tberg\.openclaw\workspace\docs\openclaw"
[2026-05-02T20:02:42.331Z] FOUND: 6 items
[2026-05-02T20:02:42.332Z] ITEM: "embedding_and_browser_troubleshooting.md" | isFolder: false | path: "docs/openclaw/embedding_and_browser_troubleshooting.md"
[2026-05-02T20:02:42.332Z] ITEM: "gateway-instability-and-model-failures" | isFolder: true | path: "docs/openclaw/gateway-instability-and-model-failures"
[2026-05-02T20:02:42.333Z] ITEM: "housekeeper_agent.md" | isFolder: false | path: "docs/openclaw/housekeeper_agent.md"
[2026-05-02T20:02:42.334Z] ITEM: "mem0 Embedding-Ollama.md" | isFolder: false | path: "docs/openclaw/mem0 Embedding-Ollama.md"
[2026-05-02T20:02:42.334Z] ITEM: "memory-search-issue-resolution" | isFolder: true | path: "docs/openclaw/memory-search-issue-resolution"
[2026-05-02T20:02:42.335Z] ITEM: "spec_template.md" | isFolder: false | path: "docs/openclaw/spec_template.md"
[2026-05-02T20:04:11.142Z] LIST: "/docs/openclaw"
[2026-05-02T20:04:11.143Z] ABSOLUTE: "C:\Users\tberg\.openclaw\workspace\docs\openclaw"
[2026-05-02T20:04:11.143Z] FOUND: 7 items
[2026-05-02T20:04:11.144Z] ITEM: "embedding_and_browser_troubleshooting.md" | isFolder: false | path: "docs/openclaw/embedding_and_browser_troubleshooting.md"
[2026-05-02T20:04:11.145Z] ITEM: "gateway-instability-and-model-failures" | isFolder: true | path: "docs/openclaw/gateway-instability-and-model-failures"
[2026-05-02T20:04:11.145Z] ITEM: "housekeeper_agent.md" | isFolder: false | path: "docs/openclaw/housekeeper_agent.md"
[2026-05-02T20:04:11.146Z] ITEM: "mem0 Embedding-Ollama.md" | isFolder: false | path: "docs/openclaw/mem0 Embedding-Ollama.md"
[2026-05-02T20:04:11.146Z] ITEM: "memory-search-issue-resolution" | isFolder: true | path: "docs/openclaw/memory-search-issue-resolution"
[2026-05-02T20:04:11.148Z] ITEM: "OpenClaw System Configuration Test" | isFolder: false | path: "docs/openclaw/OpenClaw System Configuration Test"
[2026-05-02T20:04:11.148Z] ITEM: "spec_template.md" | isFolder: false | path: "docs/openclaw/spec_template.md"
[2026-05-02T20:05:54.767Z] LIST: "/docs/openclaw"
[2026-05-02T20:05:54.767Z] ABSOLUTE: "C:\Users\tberg\.openclaw\workspace\docs\openclaw"
[2026-05-02T20:05:54.768Z] FOUND: 8 items
[2026-05-02T20:05:54.769Z] ITEM: "embedding_and_browser_troubleshooting.md" | isFolder: false | path: "docs/openclaw/embedding_and_browser_troubleshooting.md"
[2026-05-02T20:05:54.769Z] ITEM: "gateway-instability-and-model-failures" | isFolder: true | path: "docs/openclaw/gateway-instability-and-model-failures"
[2026-05-02T20:05:54.770Z] ITEM: "housekeeper_agent.md" | isFolder: false | path: "docs/openclaw/housekeeper_agent.md"
[2026-05-02T20:05:54.770Z] ITEM: "mem0 Embedding-Ollama.md" | isFolder: false | path: "docs/openclaw/mem0 Embedding-Ollama.md"
[2026-05-02T20:05:54.771Z] ITEM: "memory-search-issue-resolution" | isFolder: true | path: "docs/openclaw/memory-search-issue-resolution"
[2026-05-02T20:05:54.771Z] ITEM: "OpenClaw Creative Technologist Agent" | isFolder: false | path: "docs/openclaw/OpenClaw Creative Technologist Agent"
[2026-05-02T20:05:54.772Z] ITEM: "OpenClaw System Configuration Test" | isFolder: false | path: "docs/openclaw/OpenClaw System Configuration Test"
[2026-05-02T20:05:54.773Z] ITEM: "spec_template.md" | isFolder: false | path: "docs/openclaw/spec_template.md"
[2026-05-02T20:07:27.556Z] LIST: "/docs/openclaw"
[2026-05-02T20:07:27.557Z] ABSOLUTE: "C:\Users\tberg\.openclaw\workspace\docs\openclaw"
[2026-05-02T20:07:27.557Z] FOUND: 9 items
[2026-05-02T20:07:27.558Z] ITEM: "embedding_and_browser_troubleshooting.md" | isFolder: false | path: "docs/openclaw/embedding_and_browser_troubleshooting.md"
[2026-05-02T20:07:27.559Z] ITEM: "gateway-instability-and-model-failures" | isFolder: true | path: "docs/openclaw/gateway-instability-and-model-failures"
[2026-05-02T20:07:27.559Z] ITEM: "housekeeper_agent.md" | isFolder: false | path: "docs/openclaw/housekeeper_agent.md"
[2026-05-02T20:07:27.561Z] ITEM: "mem0 Embedding-Ollama.md" | isFolder: false | path: "docs/openclaw/mem0 Embedding-Ollama.md"
[2026-05-02T20:07:27.562Z] ITEM: "memory-search-issue-resolution" | isFolder: true | path: "docs/openclaw/memory-search-issue-resolution"
[2026-05-02T20:07:27.562Z] ITEM: "Openclaw Auto Triage" | isFolder: false | path: "docs/openclaw/Openclaw Auto Triage"
[2026-05-02T20:07:27.563Z] ITEM: "OpenClaw Creative Technologist Agent" | isFolder: false | path: "docs/openclaw/OpenClaw Creative Technologist Agent"
[2026-05-02T20:07:27.563Z] ITEM: "OpenClaw System Configuration Test" | isFolder: false | path: "docs/openclaw/OpenClaw System Configuration Test"
[2026-05-02T20:07:27.564Z] ITEM: "spec_template.md" | isFolder: false | path: "docs/openclaw/spec_template.md"
[2026-05-02T20:08:22.258Z] LIST: "/docs"
[2026-05-02T20:08:22.259Z] ABSOLUTE: "C:\Users\tberg\.openclaw\workspace\docs"
[2026-05-02T20:08:22.260Z] FOUND: 8 items
[2026-05-02T20:08:22.260Z] ITEM: "concepts" | isFolder: true | path: "docs/concepts"
[2026-05-02T20:08:22.261Z] ITEM: "index.md" | isFolder: false | path: "docs/index.md"
[2026-05-02T20:08:22.261Z] ITEM: "lessons" | isFolder: true | path: "docs/lessons"
[2026-05-02T20:08:22.262Z] ITEM: "log.md" | isFolder: false | path: "docs/log.md"
[2026-05-02T20:08:22.262Z] ITEM: "Nightly-Log.md" | isFolder: false | path: "docs/Nightly-Log.md"
[2026-05-02T20:08:22.263Z] ITEM: "openclaw" | isFolder: true | path: "docs/openclaw"
[2026-05-02T20:08:22.263Z] ITEM: "projects" | isFolder: true | path: "docs/projects"
[2026-05-02T20:08:22.264Z] ITEM: "Wiki-Guide.md" | isFolder: false | path: "docs/Wiki-Guide.md"
[2026-05-02T20:08:24.551Z] LIST: "/docs/projects"
[2026-05-02T20:08:24.551Z] ABSOLUTE: "C:\Users\tberg\.openclaw\workspace\docs\projects"
[2026-05-02T20:08:24.552Z] FOUND: 16 items
[2026-05-02T20:08:24.552Z] ITEM: "art-portfolio" | isFolder: true | path: "docs/projects/art-portfolio"
[2026-05-02T20:08:24.553Z] ITEM: "ArtSubmissions" | isFolder: true | path: "docs/projects/ArtSubmissions"
[2026-05-02T20:08:24.554Z] ITEM: "ArtTracker" | isFolder: true | path: "docs/projects/ArtTracker"
[2026-05-02T20:08:24.554Z] ITEM: "Chronicles" | isFolder: true | path: "docs/projects/Chronicles"
[2026-05-02T20:08:24.555Z] ITEM: "CollectorCRM" | isFolder: true | path: "docs/projects/CollectorCRM"
[2026-05-02T20:08:24.555Z] ITEM: "CompositionPro" | isFolder: true | path: "docs/projects/CompositionPro"
[2026-05-02T20:08:24.556Z] ITEM: "MissionControl" | isFolder: true | path: "docs/projects/MissionControl"
[2026-05-02T20:08:24.557Z] ITEM: "OpenClaw" | isFolder: true | path: "docs/projects/OpenClaw"
[2026-05-02T20:08:24.557Z] ITEM: "PaletteExtractor" | isFolder: true | path: "docs/projects/PaletteExtractor"
[2026-05-02T20:08:24.558Z] ITEM: "PalettePickerPro" | isFolder: true | path: "docs/projects/PalettePickerPro"
[2026-05-02T20:08:24.558Z] ITEM: "PictureHangerPro" | isFolder: true | path: "docs/projects/PictureHangerPro"
[2026-05-02T20:08:24.559Z] ITEM: "PictureHangerPro3" | isFolder: true | path: "docs/projects/PictureHangerPro3"
[2026-05-02T20:08:24.559Z] ITEM: "second-brain" | isFolder: true | path: "docs/projects/second-brain"
[2026-05-02T20:08:24.560Z] ITEM: "Thomas-Arenberg" | isFolder: true | path: "docs/projects/Thomas-Arenberg"
[2026-05-02T20:08:24.561Z] ITEM: "TomArenbergWebsite" | isFolder: true | path: "docs/projects/TomArenbergWebsite"
[2026-05-02T20:08:24.561Z] ITEM: "VoiceChat" | isFolder: true | path: "docs/projects/VoiceChat"
[2026-05-02T20:08:24.736Z] LIST: "/docs/projects/Chronicles"
[2026-05-02T20:08:24.737Z] ABSOLUTE: "C:\Users\tberg\.openclaw\workspace\docs\projects\Chronicles"
[2026-05-02T20:08:24.738Z] FOUND: 3 items
[2026-05-02T20:08:24.738Z] ITEM: "chronicals-old-historical-entries" | isFolder: true | path: "docs/projects/Chronicles/chronicals-old-historical-entries"
[2026-05-02T20:08:24.739Z] ITEM: "Chronicles Journaling Application S.txt" | isFolder: false | path: "docs/projects/Chronicles/Chronicles Journaling Application S.txt"
[2026-05-02T20:08:24.740Z] ITEM: "README.md" | isFolder: false | path: "docs/projects/Chronicles/README.md"
[2026-05-02T20:08:28.066Z] LIST: "/docs/projects"
[2026-05-02T20:08:28.067Z] ABSOLUTE: "C:\Users\tberg\.openclaw\workspace\docs\projects"
[2026-05-02T20:08:28.067Z] FOUND: 16 items
[2026-05-02T20:08:28.068Z] ITEM: "art-portfolio" | isFolder: true | path: "docs/projects/art-portfolio"
[2026-05-02T20:08:28.069Z] ITEM: "ArtSubmissions" | isFolder: true | path: "docs/projects/ArtSubmissions"
[2026-05-02T20:08:28.069Z] ITEM: "ArtTracker" | isFolder: true | path: "docs/projects/ArtTracker"
[2026-05-02T20:08:28.070Z] ITEM: "Chronicles" | isFolder: true | path: "docs/projects/Chronicles"
[2026-05-02T20:08:28.070Z] ITEM: "CollectorCRM" | isFolder: true | path: "docs/projects/CollectorCRM"
[2026-05-02T20:08:28.071Z] ITEM: "CompositionPro" | isFolder: true | path: "docs/projects/CompositionPro"
[2026-05-02T20:08:28.071Z] ITEM: "MissionControl" | isFolder: true | path: "docs/projects/MissionControl"
[2026-05-02T20:08:28.072Z] ITEM: "OpenClaw" | isFolder: true | path: "docs/projects/OpenClaw"
[2026-05-02T20:08:28.072Z] ITEM: "PaletteExtractor" | isFolder: true | path: "docs/projects/PaletteExtractor"
[2026-05-02T20:08:28.073Z] ITEM: "PalettePickerPro" | isFolder: true | path: "docs/projects/PalettePickerPro"
[2026-05-02T20:08:28.074Z] ITEM: "PictureHangerPro" | isFolder: true | path: "docs/projects/PictureHangerPro"
[2026-05-02T20:08:28.074Z] ITEM: "PictureHangerPro3" | isFolder: true | path: "docs/projects/PictureHangerPro3"
[2026-05-02T20:08:28.075Z] ITEM: "second-brain" | isFolder: true | path: "docs/projects/second-brain"
[2026-05-02T20:08:28.075Z] ITEM: "Thomas-Arenberg" | isFolder: true | path: "docs/projects/Thomas-Arenberg"
[2026-05-02T20:08:28.076Z] ITEM: "TomArenbergWebsite" | isFolder: true | path: "docs/projects/TomArenbergWebsite"
[2026-05-02T20:08:28.076Z] ITEM: "VoiceChat" | isFolder: true | path: "docs/projects/VoiceChat"
[2026-05-02T20:08:29.977Z] LIST: "/docs/projects/MissionControl"
[2026-05-02T20:08:29.978Z] ABSOLUTE: "C:\Users\tberg\.openclaw\workspace\docs\projects\MissionControl"
[2026-05-02T20:08:29.979Z] FOUND: 12 items
[2026-05-02T20:08:29.979Z] ITEM: "ArtTracker" | isFolder: true | path: "docs/projects/MissionControl/ArtTracker"
[2026-05-02T20:08:29.980Z] ITEM: "Dashboard Architecture" | isFolder: false | path: "docs/projects/MissionControl/Dashboard Architecture"
[2026-05-02T20:08:29.980Z] ITEM: "governor_spec.md" | isFolder: false | path: "docs/projects/MissionControl/governor_spec.md"
[2026-05-02T20:08:29.981Z] ITEM: "Mission Control - Specs.md" | isFolder: false | path: "docs/projects/MissionControl/Mission Control - Specs.md"
[2026-05-02T20:08:29.982Z] ITEM: "mission-control-team-screen-concept.md" | isFolder: false | path: "docs/projects/MissionControl/mission-control-team-screen-concept.md"
[2026-05-02T20:08:29.982Z] ITEM: "mission-control-ui-session-9-00-9-37-am" | isFolder: true | path: "docs/projects/MissionControl/mission-control-ui-session-9-00-9-37-am"
[2026-05-02T20:08:29.983Z] ITEM: "ops-control-screen-proposal-implementation-plan" | isFolder: true | path: "docs/projects/MissionControl/ops-control-screen-proposal-implementation-plan"
[2026-05-02T20:08:29.983Z] ITEM: "Projects - Specs.txt" | isFolder: false | path: "docs/projects/MissionControl/Projects - Specs.txt"
[2026-05-02T20:08:29.984Z] ITEM: "README.md" | isFolder: false | path: "docs/projects/MissionControl/README.md"
[2026-05-02T20:08:29.984Z] ITEM: "Soul.md - Code Archetect" | isFolder: false | path: "docs/projects/MissionControl/Soul.md - Code Archetect"
[2026-05-02T20:08:29.985Z] ITEM: "Team-screen-concept.md" | isFolder: false | path: "docs/projects/MissionControl/Team-screen-concept.md"
[2026-05-02T20:08:29.985Z] ITEM: "Test - System Config" | isFolder: false | path: "docs/projects/MissionControl/Test - System Config"
[2026-05-02T20:08:30.194Z] READ: "docs/projects/MissionControl/mission-control-team-screen-concept.md"
[2026-05-02T20:08:30.194Z] ABSOLUTE: "C:\Users\tberg\.openclaw\workspace\docs\projects\MissionControl\mission-control-team-screen-concept.md"
[2026-05-02T20:08:30.195Z] READ OK: 3417 bytes
[2026-05-02T20:08:38.958Z] READ: "docs/projects/MissionControl/Projects - Specs.txt"
[2026-05-02T20:08:38.959Z] ABSOLUTE: "C:\Users\tberg\.openclaw\workspace\docs\projects\MissionControl\Projects - Specs.txt"
[2026-05-02T20:08:38.959Z] READ OK: 3419 bytes
[2026-05-02T20:10:45.980Z] LIST: "/docs/projects/MissionControl"
[2026-05-02T20:10:45.982Z] ABSOLUTE: "C:\Users\tberg\.openclaw\workspace\docs\projects\MissionControl"
[2026-05-02T20:10:45.982Z] FOUND: 13 items
[2026-05-02T20:10:45.983Z] ITEM: "ArtTracker" | isFolder: true | path: "docs/projects/MissionControl/ArtTracker"
[2026-05-02T20:10:45.984Z] ITEM: "Dashboard Architecture" | isFolder: false | path: "docs/projects/MissionControl/Dashboard Architecture"
[2026-05-02T20:10:45.984Z] ITEM: "governor_spec.md" | isFolder: false | path: "docs/projects/MissionControl/governor_spec.md"
[2026-05-02T20:10:45.985Z] ITEM: "Mission Control - Specs.md" | isFolder: false | path: "docs/projects/MissionControl/Mission Control - Specs.md"
[2026-05-02T20:10:45.985Z] ITEM: "mission-control-team-screen-concept.md" | isFolder: false | path: "docs/projects/MissionControl/mission-control-team-screen-concept.md"
[2026-05-02T20:10:45.986Z] ITEM: "mission-control-ui-session-9-00-9-37-am" | isFolder: true | path: "docs/projects/MissionControl/mission-control-ui-session-9-00-9-37-am"
[2026-05-02T20:10:45.987Z] ITEM: "MissionControl - Projects" | isFolder: false | path: "docs/projects/MissionControl/MissionControl - Projects"
[2026-05-02T20:10:45.987Z] ITEM: "ops-control-screen-proposal-implementation-plan" | isFolder: true | path: "docs/projects/MissionControl/ops-control-screen-proposal-implementation-plan"
[2026-05-02T20:10:45.988Z] ITEM: "Projects - Specs.txt" | isFolder: false | path: "docs/projects/MissionControl/Projects - Specs.txt"
[2026-05-02T20:10:45.989Z] ITEM: "README.md" | isFolder: false | path: "docs/projects/MissionControl/README.md"
[2026-05-02T20:10:45.989Z] ITEM: "Soul.md - Code Archetect" | isFolder: false | path: "docs/projects/MissionControl/Soul.md - Code Archetect"
[2026-05-02T20:10:45.990Z] ITEM: "Team-screen-concept.md" | isFolder: false | path: "docs/projects/MissionControl/Team-screen-concept.md"
[2026-05-02T20:10:45.990Z] ITEM: "Test - System Config" | isFolder: false | path: "docs/projects/MissionControl/Test - System Config"
[2026-05-02T20:10:53.600Z] READ: "docs/projects/MissionControl/MissionControl - Projects"
[2026-05-02T20:10:53.601Z] ABSOLUTE: "C:\Users\tberg\.openclaw\workspace\docs\projects\MissionControl\MissionControl - Projects"
[2026-05-02T20:10:53.602Z] READ OK: 3533 bytes
[2026-05-02T20:14:11.684Z] LIST: "/"
[2026-05-02T21:50:07.064Z] LIST: "/"
[2026-05-02T21:50:09.830Z] LIST: "/docs"
[2026-05-02T21:50:09.831Z] ABSOLUTE: "C:\Users\tberg\.openclaw\workspace\docs"
[2026-05-02T21:50:09.831Z] FOUND: 8 items
[2026-05-02T21:50:09.832Z] ITEM: "concepts" | isFolder: true | path: "docs/concepts"
[2026-05-02T21:50:09.833Z] ITEM: "Docs-Guide.md" | isFolder: false | path: "docs/Docs-Guide.md"
[2026-05-02T21:50:09.833Z] ITEM: "index.md" | isFolder: false | path: "docs/index.md"
[2026-05-02T21:50:09.834Z] ITEM: "lessons" | isFolder: true | path: "docs/lessons"
[2026-05-02T21:50:09.834Z] ITEM: "log.md" | isFolder: false | path: "docs/log.md"
[2026-05-02T21:50:09.835Z] ITEM: "Nightly-Log.md" | isFolder: false | path: "docs/Nightly-Log.md"
[2026-05-02T21:50:09.835Z] ITEM: "openclaw" | isFolder: true | path: "docs/openclaw"
[2026-05-02T21:50:09.836Z] ITEM: "projects" | isFolder: true | path: "docs/projects"
[2026-05-02T21:50:13.203Z] LIST: "/docs/concepts"
[2026-05-02T21:50:13.204Z] ABSOLUTE: "C:\Users\tberg\.openclaw\workspace\docs\concepts"
[2026-05-02T21:50:13.204Z] FOUND: 6 items
[2026-05-02T21:50:13.205Z] ITEM: "Afternoon report" | isFolder: false | path: "docs/concepts/Afternoon report"
[2026-05-02T21:50:13.205Z] ITEM: "agent_architecture.md" | isFolder: false | path: "docs/concepts/agent_architecture.md"
[2026-05-02T21:50:13.206Z] ITEM: "DOCS.md" | isFolder: false | path: "docs/concepts/DOCS.md"
[2026-05-02T21:50:13.206Z] ITEM: "Morning brief" | isFolder: false | path: "docs/concepts/Morning brief"
[2026-05-02T21:50:13.206Z] ITEM: "Proactive coder" | isFolder: false | path: "docs/concepts/Proactive coder"
[2026-05-02T21:50:13.207Z] ITEM: "self-healing feedback loop" | isFolder: false | path: "docs/concepts/self-healing feedback loop"
[2026-05-02T21:50:19.764Z] READ: "docs/concepts/Afternoon report"
[2026-05-02T21:50:19.765Z] ABSOLUTE: "C:\Users\tberg\.openclaw\workspace\docs\concepts\Afternoon report"
[2026-05-02T21:50:19.765Z] READ OK: 453 bytes
[2026-05-02T21:57:06.485Z] READ: "docs/concepts/DOCS.md"
[2026-05-02T21:57:06.486Z] ABSOLUTE: "C:\Users\tberg\.openclaw\workspace\docs\concepts\DOCS.md"
[2026-05-02T21:57:06.487Z] READ OK: 15679 bytes
[2026-05-02T22:09:40.330Z] LIST: "/"
[2026-05-02T22:10:55.758Z] LIST: "/docs"
[2026-05-02T22:10:55.758Z] ABSOLUTE: "C:\Users\tberg\.openclaw\workspace\docs"
[2026-05-02T22:10:55.759Z] FOUND: 8 items
[2026-05-02T22:10:55.759Z] ITEM: "concepts" | isFolder: true | path: "docs/concepts"
[2026-05-02T22:10:55.760Z] ITEM: "Docs-Guide.md" | isFolder: false | path: "docs/Docs-Guide.md"
[2026-05-02T22:10:55.760Z] ITEM: "index.md" | isFolder: false | path: "docs/index.md"
[2026-05-02T22:10:55.761Z] ITEM: "lessons" | isFolder: true | path: "docs/lessons"
[2026-05-02T22:10:55.761Z] ITEM: "log.md" | isFolder: false | path: "docs/log.md"
[2026-05-02T22:10:55.762Z] ITEM: "Nightly-Log.md" | isFolder: false | path: "docs/Nightly-Log.md"
[2026-05-02T22:10:55.762Z] ITEM: "openclaw" | isFolder: true | path: "docs/openclaw"
[2026-05-02T22:10:55.762Z] ITEM: "projects" | isFolder: true | path: "docs/projects"
